id,title,category,source_name,published_at,bias_score
749635f9a511,1Password deja que Claude use tus contraseñas sin verlas nunca: arquitectura de exposición cero para agentes de IA,tecnologia,WWWhatsnew,2026-07-17T18:00:02+00:00,0
6c6a098a8a2c,Lanza en astillero,literatura,Letras Libres,2026-07-17T17:55:15+00:00,0
0eaf1ca55466,Boyas fronterizas se desprenden ante creciente del río Bravo; cierran puentes internacionales ante riesgo,politica,El Universal,2026-07-17T17:52:43+00:00,0
8c8a8cc8489b,"Esposa de colombiano asesinado por ICE lo recuerda como un padre dedicado; ""quisiera que me dijera: 'tranquila, mi flaca, acá estoy'""",sociedad,El Universal,2026-07-17T17:52:31+00:00,-50
51baf1d3c846,Del archivo al aula: papel reciclado del Gobierno del EdoMéx se convertirá en libros de texto,politica,El Economista,2026-07-17T17:52:17+00:00,-10
1d90854594d8,"Última hora de los incendios forestales, en directo | El incendio de Orés (Zaragoza) amenaza el casco urbano de Luesia: “Está llegando el fuego allí”",sociedad,El País América,2026-07-17T17:43:33+00:00,0
56baf06803df,Fuerte choque en Moroleón: Auto se sube a la banqueta tras estrellarse contra moto,sociedad,Periódico AM (León),2026-07-17T17:39:46+00:00,0
f5386a6603a5,Descartan amenaza de tsunami para las costas de Guerrero tras sismo en Chiapas,sociedad,El Informador (GDL),2026-07-17T17:37:00+00:00,0
47120275bd87,Sismo en Chiapas: Suspenden actividades administrativas y van más de 30 réplicas,sociedad,El Economista,2026-07-17T17:36:50+00:00,0
72f848b93dee,Fallece motociclista tras derrapar en calles de Santa María la Ribera; investigan causas del accidente,sociedad,El Universal,2026-07-17T17:34:59+00:00,0
0c01d2472f3f,"China tacha de ""puras invenciones"" las acusaciones de Trump sobre interferencia electoral",internacional,El Economista,2026-07-17T17:31:48+00:00,0
cb78cfafff69,El humo de los incendios de Canadá amenaza la preparación de España para la final del Mundial,deportes,Euronews Español,2026-07-17T17:23:32+00:00,0
b35b72792983,Asesinato de Josué Martínez llegó al Gabinete de Seguridad: Sheinbaum promete esclarecer el caso,sociedad,Infobae México,2026-07-17T17:18:14+00:00,0
57f1eb8ea89f,"Informe desde CDMX: temblor de 7,3 prende las alertas de tsunami en el Pacífico",sociedad,France24 Español,2026-07-17T17:16:28+00:00,0
fbdc2f8a863c,"No todos los almacenamientos en la nube destacan por lo mismo: estos son los que usaría si buscara privacidad, mucho almacenamiento y más",tecnologia,Xataka,2026-07-17T17:16:07+00:00,5
a44525ef36e9,Arranca la Festival de Verano León con go-karts terror y comida internacional,sociedad,Periódico AM (León),2026-07-17T17:14:40+00:00,0
6ff329cbf2a7,"Reportan la muerte de Mauro, el hijo mayor de Aylín Mujica, tenía 31 años",sociedad,El Universal,2026-07-17T17:14:22+00:00,0
4c838a19c90a,"Sectur presenta Plan ""Tulum Renace""; se elimina el cobro al parque El Jaguar",economia,El Economista,2026-07-17T17:11:17+00:00,0
cb4a256667e8,Mujer haitiana salta de edificio en Tapachula tras sismo de 7.4 en Chiapas,sociedad,Infobae México,2026-07-17T16:58:38+00:00,0
e5d7f2484ef6,¿Cómo armar un presupuesto para viajar sin terminar endeudado? La regla del 50/30/10/10,economia,El Economista,2026-07-17T16:55:00+00:00,0
3acd22e791e6,"Caso del mexicano Salgado Araujo en Texas; ""conductor puso la camioneta en reversa"", dice fiscal federal para el Distrito Sur de Texas",politica,El Universal,2026-07-17T16:50:19+00:00,-20
4417ef44bd67,Quince frases que han retumbado en el Mundial,deportes,DW Español,2026-07-17T16:41:00+00:00,0
533abd48f7a0,La alegría de Franco Colapinto tras protagonizar una de sus mejores prácticas en Alpine: “Fue un gran día”,deportes,Infobae Deportes,2026-07-17T16:38:12+00:00,0
caee5f8ea41a,Pierre Gasly protagonizó un brutal accidente y destrozó su Alpine en la práctica del GP de Bélgica: “Perdí el control por completo”,deportes,Infobae Deportes,2026-07-17T16:37:44+00:00,0
93320babd605,Sheinbaum informa que se investiga asesinato de Josué Martínez en Puebla; analizan video del periodista antes de ser atacado,politica,El Universal,2026-07-17T16:37:09+00:00,10
769f5e626112,La tradición de los recientes títulos que repetirá la selección argentina en la última conferencia de prensa de Lionel Scaloni antes de la final del Mundial,deportes,Infobae Deportes,2026-07-17T16:35:32+00:00,0
67e55adf9cd3,Qué dijo LeBron James sobre su salida de Los Angeles Lakers durante el evento Fanatics Fest NYC,deportes,Infobae Deportes,2026-07-17T16:35:20+00:00,0
ae9cb6027cca,Humo y mala calidad del aire persisten en parte de EU por incendios en Canadá; situación podría afectar final del Mundial 2026,sociedad,El Universal,2026-07-17T16:34:45+00:00,0
20a876c68eb4,Captan reacción del gobernador Eduardo Ramírez durante enjambre de sismos en Chiapas: así vivió el momento,politica,Infobae México,2026-07-17T16:30:54+00:00,0
3bed22992ba1,Desentrañando la teoría más extraña de 'La Odisea': la que coloca a Ulises en el islote de Perejil durante siete años,literatura,Xataka,2026-07-17T16:30:08+00:00,5
bba4abb6d3c4,"Argentina vs España por la final del Mundial 2026: a qué hora juegan, cómo verlo en vivo y todo lo que hay que saber",deportes,Infobae Deportes,2026-07-17T16:29:04+00:00,0
d922803e4c46,La amenaza iraní se extiende más allá del estrecho de Ormuz,economia,DW Español,2026-07-17T16:24:00+00:00,0
8ec592e3db17,Clima CDMX: ¿a qué hora se esperan lluvias fuertes este 17 de julio?; habrá temperatura máxima de 23°C,sociedad,El Universal,2026-07-17T16:16:59+00:00,0
52296a4dc1dc,Garitas de Tijuana: cuál es el tiempo de espera para cruzar la frontera en vivo hoy 17 de julio,sociedad,Infobae México,2026-07-17T16:15:51+00:00,0
f183c9cd9506,Wall Street perfila un jornada negativa; el índice Nasdaq lidera el descenso,economia,El Economista,2026-07-17T16:15:38+00:00,5
f05201270163,Claudio Úbeda recordó los inicios de Lautaro Martínez: “Con un par de ejercicios mostró diferencias”,deportes,Infobae Deportes,2026-07-17T16:15:02+00:00,0
9cc7e1181b2c,Sheinbaum no reporta daños tras sismos en Chiapas; Semar pide no acercarse a las playas por riesgo de tsunami,sociedad,El Universal,2026-07-17T16:12:31+00:00,0
ef4eb84a81b5,"Un terremoto de magnitud 7,3 sacude la costa del Pacífico frente a México y Guatemala: emiten alerta de tsunami",internacional,BBC News Mundo,2026-07-17T16:10:18+00:00,0
bf17c2e5f525,Irregular enjambre sísmico en México: se registran seis movimientos telúricos perceptibles en Chiapas,sociedad,Infobae México,2026-07-17T16:02:00+00:00,2
6cbd978df6bb,¿Qué hacer ante una alerta de tsunami en México? Guía de preparación,sociedad,Infobae México,2026-07-17T16:01:30+00:00,0
2a717771e8dd,Se metió al agua con su Apple Watch y perdió la pantalla en el acto: hay algo que aprender de todo esto,tecnologia,Applesfera,2026-07-17T16:00:09+00:00,0
48747b772cb9,¿Primera vez en Suiza? La clave para viajar de forma inteligente está en la planeación,internacional,El Economista,2026-07-17T16:00:00+00:00,0
0806efbbdcbb,DW verifica: las acusaciones de Trump sobre fraude electoral,politica,DW Español,2026-07-17T15:55:00+00:00,0
8c8ba714730f,Gobierno de Sheinbaum garantiza acceso a playas de Tulum: Sectur; anuncian plan turístico y entrada gratis al Parque del Jaguar,politica,El Universal,2026-07-17T15:53:24+00:00,-20
e9570477cf30,¿Qué es en realidad el síndrome de Estocolmo?,sociedad,El Economista,2026-07-17T15:50:31+00:00,-20
ca69c5be27e0,"Terremoto de magnitud 7,4 sacude la costa mexicana de Chiapas, cerca a Guatemala",internacional,France24 Español,2026-07-17T15:47:47+00:00,0
83d1ed60ad1e,Se registra sismo de 7.4 en Chiapas; no ameritó activar alerta en CDMX,sociedad,Periódico AM (León),2026-07-17T15:34:57+00:00,0
81a1b953ace0,Amazon México rebaja colchón matrimonial uDream con memory foam en menos de 4 mil pesos; aprovecha el descuento del 27%,economia,El Universal,2026-07-17T15:34:17+00:00,0
0a9bac69f10c,"Grupo Firme en el estadio GNP: cómo llegar, qué llevar y todo lo que debes saber de sus conciertos",sociedad,El Universal,2026-07-17T15:34:03+00:00,0
c7dc1bb09f78,Bethesda por fin actualiza el estado de ‘Fallout 5’ y anuncia los remasters de ‘Fallout 3’ y ‘New Vegas’,tecnologia,Hipertextual,2026-07-17T15:30:19+00:00,0
6017d06c6e8a,Un hombre ganó 100.000 dólares apostando qué palabras diría Trump. El truco: él mismo se las ponía en el teleprompter,tecnologia,Xataka,2026-07-17T15:30:08+00:00,0
9f557aa31d0e,"Un terremoto de 7,4 se registra en el sur de México sin que se activara la alerta sísmica y alertan de tsunami en el Pacífico",sociedad,El País América,2026-07-17T15:29:54+00:00,0
2b50afe4b920,Se registra sismo en Chiapas,sociedad,Reforma,2026-07-17T15:19:26+00:00,0
d454fcd781e5,¿Por qué no sonó la Alerta Sísmica en la CDMX tras el sismo de 7.4 de hoy 17 de julio?,sociedad,Infobae México,2026-07-17T15:16:38+00:00,0
ffafa2246666,Potencia y navegación inteligente a un precio imbatible: este robot aspirador Lefant con apellido Pro tiene descuentazo,tecnologia,Xataka,2026-07-17T15:16:06+00:00,10
e45aeac9c37c,FIFA investiga pancarta argentina sobre Malvinas,deportes,El Economista,2026-07-17T15:15:37+00:00,0
e977b21bb5af,Alerta de tsunami en México tras sismo de 7.4 en Chiapas,sociedad,Infobae México,2026-07-17T15:15:32+00:00,0
cac241438d1e,Can-ping: acampa con tu perro cerca de CDMX,sociedad,El Universal,2026-07-17T15:12:00+00:00,0
f03decab9b70,Cazado en vídeo un coche a 168 km/h en un tramo a 40: la DGT ha encontrado el ejemplo perfecto de por qué las obras matan en carretera,tecnologia,Xataka,2026-07-17T15:00:09+00:00,0
c65e259eb54e,"""Evitad retratar a China de forma negativa"": las líneas rojas de las series y películas de Apple TV",tecnologia,Applesfera,2026-07-17T15:00:09+00:00,0
086df0a28a9e,Por qué lavar los huevos cambia por completo su conservación y obliga a refrigerarlos,sociedad,El Economista,2026-07-17T15:00:00+00:00,0
3a9ef5cbd000,Meor concreta la venta de dos etapas de HubsPark Juárez,economia,El Economista,2026-07-17T15:00:00+00:00,0
29f5d3baf53a,Detienen en Jalisco a exreo acusado de violación que escapó de una cárcel en California,sociedad,Infobae México,2026-07-17T14:57:47+00:00,0
f1a71b8dd746,Guía para armys y girlies: cómo vivir y dónde ver tu primer ‘viernes botanero’ de la Liga MX hoy 17 de julio,deportes,Infobae México,2026-07-17T14:55:58+00:00,0
196e133e1d56,Sicario ubica a su víctima en cachimba de la Irapuato-Abasolo; en asesinato hiere a hombre,sociedad,Periódico AM (León),2026-07-17T14:37:39+00:00,0
7f7be8f2c812,"Así avanza el potencial ciclón ""Fausto"" este viernes",sociedad,El Informador (GDL),2026-07-17T14:34:00+00:00,0
76c17addf504,"Muere Brenda Fricker, la inolvidable ""señora de las palomas"" de ""Mi pobre angelito 2"", tenía 81 años",sociedad,El Universal,2026-07-17T14:31:14+00:00,0
d0ad4dafd52e,Recolectan y buscan identificar restos óseos localizados en fosas clandestinas de Sinaloa; difunden prendas para identificarlos,sociedad,El Universal,2026-07-17T14:29:08+00:00,0
66202545da02,Trump acusa a China de injerencia electoral y denuncia vulnerabilidad del sistema electoral,politica,France24 Español,2026-07-17T14:23:11+00:00,-20
dc1edb1c094c,"En directo: Kuwait reporta varios soldados heridos tras ataque iraní, mientras escala la tensión Washington-Teherán",internacional,France24 Español,2026-07-17T14:23:04+00:00,20
46e34c1b8808,La UCO apunta a que la esposa de Cerdán cobró 1.300 euros mensuales de una empresa para la que no trabajaba,politica,El País América,2026-07-17T14:14:37+00:00,-15
b2a2e8e32b7f,"""Enmarañamiento laboral"": ¿cómo afecta la identidad la pérdida del trabajo?",sociedad,El Economista,2026-07-17T14:05:00+00:00,0
d74b92219f5b,"Lluvias dejan un muerto, decenas de rescates y severas afectaciones en Sonora; llaman a extremar precauciones",sociedad,El Universal,2026-07-17T14:02:19+00:00,0
24e84697e4aa,"WhatsApp añade un nuevo botón en el iPhone para ""limpiar"" el audio de nuestras conversaciones",tecnologia,Applesfera,2026-07-17T14:00:08+00:00,0
24f2bf157397,¿Qué es el efecto Jevons?,economia,El Economista,2026-07-17T14:00:00+00:00,0
2260691ecac6,"Taco Bell retira lechuga de México de sus restaurantes en EU;  brote de ""diarrea explosiva"" está relacionado con la verdura, según FDA",sociedad,El Universal,2026-07-17T13:58:08+00:00,0
6dffbcfe1c8e,La inflación en la zona euro se moderó a 2.8% en junio y a 2.9% en la UE,economia,El Economista,2026-07-17T13:57:54+00:00,5
e9f5bb4bc51f,Atlante vuelve a la Liga MX con derrota; Tigres tropieza frente a Xolos,deportes,Aristegui Noticias,2026-07-17T13:54:48+00:00,0
9af5252ef6ee,México enfrenta un nuevo panorama global: diversificar sus alianzas con EEUU y países asiáticos será clave para su economía,politica,Infobae México,2026-07-17T13:53:46+00:00,0
c5ec10a83b0c,“Hay una visión hermética en la academia; creen que sólo ellos pueden transmitir información”: José Gotés,sociedad,Aristegui Noticias,2026-07-17T13:51:58+00:00,-5
77f9e0a979fa,Deslizamiento de tierra en China deja desaparecidos y más de mil evacuados,sociedad,DW Español,2026-07-17T13:42:00+00:00,0
4974ba9603d5,Medicina de precisión: América Latina ya la está practicando (aunque no lo haya decidido),politica,El Economista,2026-07-17T13:37:09+00:00,-30
fe6afd5ec34f,"España va a encadenar tres olas de calor en seis semanas. AEMET lo tiene claro: ya no es una ola, es el clima",sociedad,Xataka,2026-07-17T13:30:08+00:00,0
2e68dbec5995,"Servinabar intentó comprar para Cerdán un piso en Madrid valorado en cerca de un millón de euros, según la UCO",politica,El País América,2026-07-17T13:27:55+00:00,-20
3db70042e162,"La Primera - Crece energía eólica, récord en retiro por desempleo, manufactura en descenso",economia,El Economista,2026-07-17T13:27:08+00:00,0
983b8bf56af5,"Mundial 2026 dejaría una derrama de 2,543 mdd en México: Deloitte",economia,Aristegui Noticias,2026-07-17T13:26:15+00:00,0
cd3b1e4af62c,Panini y el capitalismo social del Mundial,economia,El Economista,2026-07-17T13:24:26+00:00,20
02cbe43c5f7f,"Baréin, Kuwait y Catar aseguran haber sido blanco de ataques iraníes",internacional,El Economista,2026-07-17T13:23:03+00:00,0
35efe0da8c41,"China tacha de ""puras invenciones"" las acusaciones de Trump sobre interferencia electoral",internacional,El Economista,2026-07-17T13:18:40+00:00,0
13f6bfe640d5,Euro hoy en México: cotización de apertura del 17 de julio,economia,Infobae México,2026-07-17T13:16:34+00:00,0
84ac080280d3,Hoy en Lidl (y a mitad de precio) la máquina de palomitas de Coca-Cola que es ideal para las noches de pelis en casa,tecnologia,Xataka,2026-07-17T13:16:06+00:00,0
5a8122be4cb2,"Japón aprueba cambios en la sucesión imperial, pero cierra la puerta a una emperatriz",politica,El Economista,2026-07-17T13:15:50+00:00,-35
e34bb38eaaec,Los equipos de rescate en China buscan a personas atrapadas tras un corrimiento de tierra,sociedad,Euronews Español,2026-07-17T13:09:46+00:00,0
2ab9c0ea954f,"Hitachi Energy firma acuerdo para desarrollar la infraestructura eléctrica del ""auto volador"" de Eve",tecnologia,El Economista,2026-07-17T13:05:09+00:00,5
6d2d34342152,El segundo semestre no perdona: 3 decisiones fiscales para tu empresa,economia,El Economista,2026-07-17T13:00:00+00:00,15
6b27ec7d25fd,"Abelito después de La Casa de los Famosos: entre nuevos proyectos de trabajo, una relación estable y una “familia que crece”",sociedad,Infobae México,2026-07-17T12:50:58+00:00,5
a8d5fa4d14e4,EN VIVO | La Mañanera de la presidenta Claudia Sheinbaum hoy viernes 17 de julio,politica,Infobae México,2026-07-17T12:38:27+00:00,0
166133d87bb0,"Irán denuncia ante la ONU ""crímenes de guerra"" de EE.UU. por ataques a infraestructuras civiles",internacional,DW Español,2026-07-17T12:35:00+00:00,-25
e3c7bd74b2ea,Petróleo sube hasta 2% por renovadas hostilidades EU-Irán y amenaza de cierre del mar Rojo,economia,El Economista,2026-07-17T12:28:09+00:00,0
0c82ae47b3af,"El oro abre con alzas, pero se encamina a pérdida semanal por preocupación sobre la inflación",economia,El Economista,2026-07-17T12:24:09+00:00,0
f412910a4021,El cobre cae y se encamina a un descenso semanal por tensiones en Oriente Medio: ¿A cuánto cotiza?,economia,El Economista,2026-07-17T12:19:51+00:00,0
6c87a678c8f1,Esta es la última actualización del avance del Metrobús este 17 de julio,sociedad,Infobae México,2026-07-17T12:15:53+00:00,0
785bed63d256,El pronóstico del tiempo para la ciudad de Veracruz de este 17 de julio,sociedad,Infobae México,2026-07-17T12:15:49+00:00,0
899b6bdc2e65,"Libros de la semana: Henán Lavín Cerda, Caro Claire Burke…",sociedad,Aristegui Noticias,2026-07-17T12:13:06+00:00,0
d33d6840efba,Cómo saber la ubicación de alguien con su número de teléfono en Android o iPhone,tecnologia,Xataka,2026-07-17T12:08:05+00:00,0
0a48128119d2,Hoy No Circula: Así aplica este viernes 17 de julio en CDMX y Edomex,sociedad,El Informador (GDL),2026-07-17T12:06:00+00:00,0
591b80903e99,Pago y aclaraciones de predial: cómo impugnar un cobro excesivo,sociedad,Infobae México,2026-07-17T12:05:00+00:00,0
1d2ebcd2fc8f,Detención de Ernesto Ruffo cimbra al PAN y a Somos México; acusan distractor de la 4T,politica,Periódico AM (León),2026-07-17T12:05:00+00:00,75
2c5752bce21c,El tratado que nos falta,economia,Expansión,2026-07-17T12:04:56+00:00,12
da9c81f415a0,"Desaprender, ¿el nuevo superpoder del talento humano?",economia,Expansión,2026-07-17T12:02:46+00:00,10
45095c196fc6,"""Es mucho más seguro pagar con el móvil que con la tarjeta"", Juan Carlos Galindo, experto en ciberseguridad y por qué Apple Pay es lo mejor",tecnologia,Applesfera,2026-07-17T12:00:08+00:00,0
467e0c2b75b5,"México invierte 213 veces menos que EU en IA, pero las startups aún tienen una oportunidad",tecnologia,Expansión,2026-07-17T11:55:47+00:00,12
25d0a56d8bf2,Humo de incendios en Canadá se cierne sobre la final del Mundial,deportes,DW Español,2026-07-17T11:52:00+00:00,0
78d6867442f2,Kim Jong Un recibe a un alto cargo chino en Pyongyang,internacional,Euronews Español,2026-07-17T11:48:04+00:00,0
9db2c526108c,"""La IA cambia el modo de trabajar y cómo se sienten las personas"": el 30% de los trabajadores se sienten menos útiles",tecnologia,Xataka,2026-07-17T11:46:06+00:00,0
d805d427e597,¿Qué está pasando en el Metro CDMX y Metrobús hoy 17 de julio? Reportan atrasos en Línea 2 del STC,sociedad,Infobae México,2026-07-17T11:32:27+00:00,0
5d1f870981b4,La Comisión Europea ve “avances limitados” en el plan anticorrupción de Sánchez y reclama más reformas,politica,El País América,2026-07-17T11:27:24+00:00,0
1e57a7764701,Portada impresa del 17 de julio de 2026,sociedad,El Universal,2026-07-17T11:26:35+00:00,0
aec0416c0480,India lanza su primer tren de pasajeros impulsado por hidrógeno para reducir emisiones,tecnologia,Euronews Español,2026-07-17T11:21:54+00:00,0
d8dc5022ec71,Llegaron 494 mil visitantes a México por el Mundial: Deloitte,economia,El Universal,2026-07-17T11:18:45+00:00,5
deabc6dcb71c,"EN VIVO | Bloqueos, accidentes y manifestaciones hoy 17 de julio",sociedad,Infobae México,2026-07-17T11:17:46+00:00,0
f1c1e79389e8,INE aprueba multa a México Tiene Vida por participación de 98 ministros de culto en actividades partidistas,politica,Infobae México,2026-07-17T11:16:29+00:00,0
5fb70656227f,Bruselas suaviza el sistema que penaliza las emisiones de CO₂ tras la presión de una decena de gobiernos,politica,El País América,2026-07-17T11:14:45+00:00,0
d889e8241b1e,Celebran recibir agua vía red en la Quinta Zona,sociedad,El Universal,2026-07-17T11:10:41+00:00,0
249747b02497,Colegiaturas privadas suben casi 6% anual y presionan a escuelas y familias,economia,Expansión,2026-07-17T11:05:26+00:00,10
889b155bdf11,UNAM advierte de posibles fraudes tras publicar resultados de la convocatoria 2026,sociedad,Infobae México,2026-07-17T11:05:22+00:00,0
89b57112cb81,Adoptan a 9 gatos y 4 perros rescatados por autoridades de SSC y STC,sociedad,El Universal,2026-07-17T11:04:15+00:00,0
e11634cddc5a,"No se descarriló el tren,  se movió.- Sheinbaum",politica,Reforma,2026-07-17T11:00:56+00:00,12
c1a98b50d47b,Madera de Cedro,literatura,Letras Libres,2026-07-17T10:59:24+00:00,0
d0b1d4494368,Incendio cerca de Zaragoza calcina más de 12.000 hectáreas,sociedad,DW Español,2026-07-17T10:56:00+00:00,0
aa13a3880528,"Festival Amigo 2026: cartel oficial, boletos y todo sobre la sexta edición",sociedad,Infobae México,2026-07-17T10:54:19+00:00,0
bd1bcabf0ac9,Bastante paraíso XXIV. El coche nos deja tirados,sociedad,Letras Libres,2026-07-17T10:49:15+00:00,3
78fb908d5049,Jalisco: así quedó el precio de la gasolina hoy viernes 17 de julio,economia,Infobae México,2026-07-17T10:47:12+00:00,0
4698aa7364e9,Entidad se ubica en segundo lugar   con el mayor nivel de bienestar,sociedad,El Universal,2026-07-17T10:44:42+00:00,15
792e804a5c59,"""Parece un cuento perfecto"": la historia detrás de la famosa foto de Messi bañando a Lamine Yamal contada por el fotógrafo que la tomó",deportes,BBC News Mundo,2026-07-17T10:40:11+00:00,0
67715276c1be,"No es un iMac G3, pero lo parece: este soporte se inspira en el ordenador de Apple y te permite cargar tu Apple Watch",tecnologia,Applesfera,2026-07-17T10:30:07+00:00,0
aafca451325b,Francia: al menos dos muertos y 53.000 hogares sin luz por temporal,sociedad,DW Español,2026-07-17T10:18:00+00:00,0
88d05a2d11fd,"Mundial 2026, en VIVO: últimas noticias de hoy, 17 de julio, el minuto a minuto de la jornada y cómo sigue la preparación de los finalistas",deportes,Infobae Deportes,2026-07-17T10:17:06+00:00,0
e4704aa1ba44,Resultados UNAM 2026: qué hacer si no quedaste y cómo solicitar una revisión de tu examen,sociedad,Infobae México,2026-07-17T10:12:10+00:00,0
276616ddd1b3,Regreso a Clases 2026: SEP publica lista sugerida de útiles escolares para el ciclo 2026-2027,politica,Infobae México,2026-07-17T10:09:32+00:00,0
1511b3e8d66d,De 380 habitantes a más de 6.000: Alcalá de la Selva es el vivo retrato de un modelo turístico roto,sociedad,Xataka,2026-07-17T10:00:08+00:00,-5
f37508a9d993,China tacha de “invenciones” las acusaciones de Trump sobre su supuesta injerencia en las elecciones de 2020,internacional,El País América,2026-07-17T09:59:23+00:00,-30
05379a014f18,¿Tiene ‘Posesión Infernal (Evil Dead): En llamas’ escena post-créditos?,sociedad,Hipertextual,2026-07-17T09:59:20+00:00,0
b405402833c0,ICE retoma controles de tráfico tras muertes de migrantes,politica,El Universal,2026-07-17T09:41:59+00:00,15
8c413ab415c8,"River se enfrentará a Aldosivi por la Copa Argentina con la expectativa por los flamantes refuerzos: hora, TV y formaciones",deportes,Infobae Deportes,2026-07-17T09:40:38+00:00,0
b4a6b026e649,Wall Street cierra en rojo por caída de  tecnológicas,economia,El Universal,2026-07-17T09:39:43+00:00,0
76eb3d8b8d98,Asalto a autobús en la autopista México-Puebla deja un joven muerto: se habría resistido al robo,sociedad,Infobae México,2026-07-17T09:35:56+00:00,-20
89c5d79dd3b0,"En 2024, un eclipse hizo desaparecer 14 gigavatios de la red eléctrica de Texas. Es la mejor pista de lo que le espera a España",tecnologia,Xataka,2026-07-17T09:30:07+00:00,0
6a88f5be8dec,Ven alza en robo a transporte con ayuda de pueblos,sociedad,El Universal,2026-07-17T09:28:05+00:00,30
6821a7972891,"Franco Colapinto inicia su actividad en el GP de Bélgica con las primeras prácticas: hora, TV y lo que hay que saber",deportes,Infobae Deportes,2026-07-17T09:10:42+00:00,0
be329d8f5513,"Hay transparencia en L5 del Cablebús, dice alcalde de Álvaro Obregón",politica,El Universal,2026-07-17T09:03:00+00:00,15
0db3e290de83,Un profesor de Málaga decidió reescribir el 'Quijote' en caligrafía gótica. Ahora dice que vale un millón de euros,literatura,Xataka,2026-07-17T09:00:08+00:00,0
71de07123a05,FGR revela quiénes integran la red de huachicol fiscal de Ernesto Ruffo: hay 25 objetivos,politica,Infobae México,2026-07-17T08:58:15+00:00,0
275eaf047e2d,¿Irina Baeva aún tiene el tatuaje de Gabriel Soto? Esto respondió la actriz,sociedad,Infobae México,2026-07-17T08:46:52+00:00,0
40e9cf7dcc23,Habitantes denunciaron represión de la policía de Cuautitlán tras manifestación por falta de agua,sociedad,Infobae México,2026-07-17T08:33:44+00:00,-20
82dfa0d4807f,"El Xiaomi 17 y el Google Pixel 10 a mínimos históricos, ofertas en teles, consolas y más. Cazando Gangas",tecnologia,Xataka,2026-07-17T08:32:01+00:00,0
4669d7e01927,Chile evalúa daños tras mortal marejada que inunda la ciudad costera de Penco,sociedad,Euronews Español,2026-07-17T08:26:37+00:00,0
a67aba0ba211,HuachiCOOL,sociedad,El Economista,2026-07-17T08:25:02+00:00,0
36c6932b4e4b,Se volvió a chispar,sociedad,El Economista,2026-07-17T08:24:14+00:00,0
725d4f17f47c,"Con ""Falstaff"", MOS celebra 20 óperas",sociedad,El Universal,2026-07-17T08:22:59+00:00,0
e9c5b3ebef14,"Rejuvenecido, el Museo Franz Mayer cumple 40 años",sociedad,El Universal,2026-07-17T08:19:25+00:00,0
eb548e352605,La defensa aérea de Qatar intercepta nuevo ataque de misiles iraníes sobre Doha,internacional,Euronews Español,2026-07-17T08:09:47+00:00,0
80568256def7,“México es un barril sin fondo de instrumentos musicales”,sociedad,La Jornada Cultura,2026-07-17T08:00:16+00:00,0
57cb07004791,Suficiente aborda la barrera generacional en un México distópico sin agua y con IA,sociedad,La Jornada Cultura,2026-07-17T08:00:16+00:00,-25
b48a97824ebe,“Cada coreografía es única: renace en cada escenario y ante nuevos públicos”,sociedad,La Jornada Cultura,2026-07-17T08:00:16+00:00,0
f729e03a9a26,"Para mejorar, Concacaf debe enviar más jugadores a Europa: Keylor Navas",deportes,La Jornada Deportes,2026-07-17T08:00:16+00:00,0
28790b909580,José Cueli: Lenguaje futbolero,sociedad,La Jornada Cultura,2026-07-17T08:00:16+00:00,0
682b9befdd29,Develan 300 estatuillas doradas de Mozart en el 270 aniversario de su natalicio,sociedad,La Jornada Cultura,2026-07-17T08:00:16+00:00,0
724f88b32ed9,Italia restituye a México 27 piezas arqueológicas y paleontológicas,literatura,La Jornada Cultura,2026-07-17T08:00:16+00:00,0
e0ce61961c1f,Cruz Roja brindó más  de 4 mil atenciones  durante el Mundial,sociedad,La Jornada Deportes,2026-07-17T08:00:16+00:00,-30
bf4347c3cce7,Invertirá el gobierno $20 mil millones en saneamiento de ríos,politica,La Jornada,2026-07-17T08:00:16+00:00,-10
d05f34b30837,Penultimátum,sociedad,La Jornada Cultura,2026-07-17T08:00:16+00:00,0
1d9082d08a77,España ya se alista para  el duelo contra Argentina,deportes,La Jornada Deportes,2026-07-17T08:00:16+00:00,0
08d68f9a655d,Tuvo amargo debut  el Atlante; cayó 2-1,deportes,La Jornada Deportes,2026-07-17T08:00:16+00:00,0
d47eb3e58b1f,Simón Vargas Aguilar*: Fenómeno de El Niño: riesgo para México,politica,La Jornada,2026-07-17T08:00:16+00:00,-35
ade55a7eaf8e,Diputados  de Sinaloa endurecen sanciones contra delitos cibernéticos,politica,La Jornada,2026-07-17T08:00:16+00:00,0
0b530fc6f03f,Arribo de sargazo a QR es “gravísimo”; diario llegan 9 mil toneladas: Bárcena,politica,La Jornada,2026-07-17T08:00:16+00:00,-20
f06236e61d6f,"¿El Universo en el peligro? Llamen a los nerds del nuevo spin-off de ""The Big Bang Theory""",sociedad,El Universal,2026-07-17T08:00:00+00:00,0
d6495d88669c,La injusticia de ver por la familia y al final no poder tener una casa,sociedad,El Universal,2026-07-17T07:55:44+00:00,-30
4be7a1c73394,Ya está aquí el mayor cambio de Gemini del año: si activas esta función de la IA va a parecer que hablas con un humano,tecnologia,Hipertextual,2026-07-17T07:52:10+00:00,5
59466b2f9042,El incendio del municipio aragonés de Orés arrasa 12.000 hectáreas amenazando Uncastillo,sociedad,El País América,2026-07-17T07:45:37+00:00,0
fbf4cd9fdb47,"La población de Corea del Sur está envejeciendo tanto que el país ha abierto un debate: qué es un ""viejo"" hoy en día",sociedad,Xataka,2026-07-17T07:32:01+00:00,0
c015c68ec152,"Steve Jobs compartió durante años mesa y secretos con el CEO de Google. La relación terminó con una amenaza de ""guerra termonuclear""",tecnologia,Applesfera,2026-07-17T07:30:02+00:00,0
750386eb6fb2,"Seguridad, regulación y reputación, las medidas que toman las marcas en crecimiento",economia,El Universal,2026-07-17T07:23:22+00:00,0
483d93fec136,San Luis busca abollarle la corona al Cruz Azul,deportes,El Universal,2026-07-17T07:22:01+00:00,0
fe7c02f7e67b,"Enzo Fernández, el músico de Argentina",deportes,El Universal,2026-07-17T07:13:27+00:00,-10
3a998128a187,TV Azteca tendría listo un programa de Flor Rubio como posible relevo de Ventaneando: “levantó la mano”,sociedad,Infobae México,2026-07-17T07:12:01+00:00,5
c7c00778f618,Reportan ocupación de 112.8% en cárceles; ingresos tocan máximo,sociedad,El Economista,2026-07-17T07:06:40+00:00,0
c2d092c87aab,Messi ya es el más grande en la historia,deportes,El Universal,2026-07-17T07:06:20+00:00,0
def7ee5f9536,"Lluvias en Chihuahua dejan un muerto, viviendas inundadas y decenas de rescates tras desbordamiento de arroyos",sociedad,Infobae México,2026-07-17T07:05:40+00:00,0
209bf3b18c98,"""Tengo la conciencia tranquila""; esto dijo Ernesto Ruffo a EL UNIVERSAL tras el decomiso de huachicol en 2025",politica,El Universal,2026-07-17T07:05:00+00:00,10
a403fe0b72a3,Morena respalda detención de Ernesto Ruffo Appel: acusa al PRIAN de “doble moral” y descarta persecución política,politica,Infobae México,2026-07-17T07:02:54+00:00,-20
cae796de23c5,Clima en Monterrey hoy: el pronóstico para el viernes 17 de julio de 2026,sociedad,El Informador (GDL),2026-07-17T07:02:11+00:00,0
0452fde924d9,Clima en Cancún hoy: el pronóstico para el viernes 17 de julio de 2026,sociedad,El Informador (GDL),2026-07-17T07:02:09+00:00,0
ee9669bda0c7,Clima en Ciudad de México hoy: el pronóstico para el viernes 17 de julio de 2026,sociedad,El Informador (GDL),2026-07-17T07:02:09+00:00,0
9b24fc331a25,"El mar de Benidorm se ha calentado tres grados en solo cinco años. El dato asusta, pero la ciencia tiene una explicación",sociedad,Xataka,2026-07-17T07:02:01+00:00,0
43178216d04b,Disputas regiomontanas,politica,El Economista,2026-07-17T07:01:10+00:00,-30
71f8b18c52ec,Con cerámica da testimonio de la historia de la humanidad,sociedad,El Universal,2026-07-17T07:00:00+00:00,0
92b047674e7d,Kenia Os sale quemada por la nostalgia,sociedad,El Universal,2026-07-17T07:00:00+00:00,-12
aae695c22d43,Detienen a exgobernador de Baja California Ruffo Appel,politica,El Economista,2026-07-17T06:59:49+00:00,15
ce75b4fe28d9,Asesinan en Puebla al quinto periodista en lo que va de 2026,politica,El Economista,2026-07-17T06:55:02+00:00,0
d2cd931fde4d,"Remueve FGR a Óscar Langlet, fiscal de delitos de servidores públicos",politica,El Economista,2026-07-17T06:52:46+00:00,0
d5592eb9b815,Una de las mejores herramientas de IA de Google cambia de nombre y se integra aún más dentro de Gemini,tecnologia,El Androide Libre,2026-07-17T06:47:57+00:00,0
0b5c639f3016,Despidos en el sector de la transformación hilan un año y medio,economia,El Economista,2026-07-17T06:47:20+00:00,0
7c23d6f77adf,Ventaneando anuncia respaldo a fundaciones de protección animal y programa de sensibilización tras comentarios de Pedro Sola,sociedad,Infobae México,2026-07-17T06:43:54+00:00,10
3fed64e59e46,Ernesto Ruffo Appel y la red financiera detrás del huachicol: 80 cuentas puente y mil millones de dólares transferidos al extranjero,politica,Infobae México,2026-07-17T06:36:47+00:00,-20
bfc801bac482,Necaxa vs Atlante: cuándo fue la última vez que se enfrentaron y quién ha ganado más veces,deportes,Infobae México,2026-07-17T06:27:59+00:00,0
c1090ddb3e0e,Resucitar la política ambiental,politica,El Economista,2026-07-17T06:22:49+00:00,35
f8f1c0965dac,Cuando los rieles se vuelven raíces: El viaje de 'The Old Drift',literatura,Contexto · redacción propia,2026-07-17T06:20:29.608964+00:00,
7a3c2330c280,Generación eólica ha aumentado 87% desde 2018,economia,El Economista,2026-07-17T06:16:55+00:00,15
b217031a4314,El incendio de Lozoyuela supera ya las 700 hectáreas mientras la Guardia Civil mantiene detenido al presunto autor,sociedad,El País América,2026-07-17T06:16:51+00:00,0
507ea118f5aa,Uriel Antuna sale lesionado de los entrenamientos y es duda para el debut de Pumas,deportes,Infobae México,2026-07-17T06:15:59+00:00,0
53108f22609e,Temblor hoy en México: noticias actividad sísmica 17 de julio de 2026,sociedad,Infobae México,2026-07-17T06:05:31+00:00,0
9a4ac103e7cc,Autoridades ponen en marcha el Túnel Churubusco-Xochiaca y esperan prevenir inundaciones en la zona Oriente del Edomex,sociedad,Infobae México,2026-07-17T06:02:07+00:00,0
36b824d5a035,EN VIVO | Clima CDMX y resto de México hoy viernes 17 de julio: consulta el pronóstico para tu ciudad,sociedad,Infobae México,2026-07-17T06:01:55+00:00,0
bdf0b6d4742d,Ecatepec pide a SCJN no ordenarle suministrar agua a población,politica,El Economista,2026-07-17T06:01:11+00:00,5
41792a461541,"Spotify lleva el control parental a la cuenta gratuita, Roblox apaga su servicio de videollamadas y Hinge añade testimoniales de amigos",tecnologia,WWWhatsnew,2026-07-17T06:00:29+00:00,0
294652f2e171,Gobernadores del país reciben su aval más alto en lo que va del año,politica,El Economista,2026-07-17T05:54:18+00:00,0
379069bef7c3,Liga MX: Xolos de Tijuana cumple ante Tigres con victoria sobre la hora,deportes,El Universal,2026-07-17T05:52:39+00:00,0
a54f457fd6a0,"Mano a mano con el argentino Mattia Colnaghi: qué le falta en la Fórmula 3, el trabajo de su equipo y su frase sobre Red Bull que ilusiona",deportes,Infobae Deportes,2026-07-17T05:48:47+00:00,5
c9fea6a755d9,... Y lo trasladan a CDMX,politica,Reforma,2026-07-17T05:25:46+00:00,0
aafac7818ef6,Trump reaviva las denuncias de injerencias electorales en un mensaje a la nación,politica,Euronews Español,2026-07-17T05:24:50+00:00,-30
06a318915480,Argentina rompe racha en superávit fiscal; anota déficit por 469 millones de dólares,economia,El Economista,2026-07-17T05:21:52+00:00,0
824c1aa910d2,"Muere Juan Jairo, migrante de Guanajuato arrollado en operativo de ICE en Florida",sociedad,Periódico AM (León),2026-07-17T05:19:15+00:00,-45
cab142c5392d,Así operaba la red de huachicol de Ernesto Ruffo según la FGR: usaba ferrocarriles y declaraba solo el 10% del combustible,politica,Infobae México,2026-07-17T05:14:52+00:00,0
00e64f74e242,Delincuencia organizada mueve miles de millones a través de criptomonedas,economia,El Economista,2026-07-17T05:13:26+00:00,0
4d7cf96330f9,L. Logan pide tasas de interés “moderadamente más altas”,economia,El Economista,2026-07-17T05:10:31+00:00,0
273e65187345,Casi 50% de las empresas japonesas son perjudicadas,economia,El Economista,2026-07-17T05:06:54+00:00,0
80614d3f6f16,Los números que dieron la fortuna a los nuevos ganadores del Gana Gato este 16 de julio,sociedad,Infobae México,2026-07-17T05:00:46+00:00,0
ede154dad557,Últimas noticias | 17 julio 2026 - Mañana,internacional,Euronews Español,2026-07-17T05:00:08+00:00,0
4533abfcad19,"Guerrero y Tabasco, con la peor percepción de bienestar económico",economia,El Economista,2026-07-17T04:54:05+00:00,0
428d3a1442f1,Alemania planea sanciones más fuertes contra el delito fiscal para recaudar más,economia,El Economista,2026-07-17T04:43:47+00:00,0
93daaf96821f,"Responsables de política del BCE mantienen un tono mesurado sobre los riesgos de precios, piden vigilancia",economia,El Economista,2026-07-17T04:41:39+00:00,0
051e34bc51e7,"La familia de Lorenzo Salgado lo despide en privado y a la mexicana, con mariachis y rancheras",sociedad,El País América,2026-07-17T04:34:03+00:00,0
e78ea0405b43,Amnistía Internacional condena el asesinato del periodista Josué Martínez en Puebla,sociedad,El Informador (GDL),2026-07-17T04:34:00+00:00,0
8867e9886fe8,Esposa de Raúl Jiménez responde a críticas por usar la playera de Inglaterra: “Somos cien por ciento mexicanos”,sociedad,Infobae México,2026-07-17T04:29:04+00:00,0
4dca9a9ce5fe,‘Búfalo’ Aguirre es expulsado por cubrirse la boca en el duelo ante Xolos,deportes,Periódico AM (León),2026-07-17T04:18:54+00:00,0
9ebba61d6a6f,"Pasticceria Tagliafico: buscando raíces, el jugador de la Selección se cruzó en Génova con un posible pariente de 84 años",deportes,Infobae Deportes,2026-07-17T04:16:20+00:00,5
cbfbb355a644,Resultados del Chispazo de hoy 16 de julio: todos los números ganadores del último sorteo,sociedad,Infobae México,2026-07-17T04:15:48+00:00,0
83719106ad7c,Acusa FGR a Ruffo  de mega red  de huachicol  por 4 mmdp,politica,Reforma,2026-07-17T04:14:35+00:00,0
a5c62e93ebcd,"7 frases de Arruabarrena tras el triunfo ante Sarmiento: elogios para Aranda y Flores, el mercado de pases y el gesto de Paredes",deportes,Infobae Deportes,2026-07-17T04:13:08+00:00,0
0cef1a980bb8,"Ernesto Ruffo formaba parte de una red ""colosal"" de huachicol, señala Godoy; fiscal estima daño al erario por más de 4 mil mdp",politica,El Universal,2026-07-17T04:09:06+00:00,20
c43fa3f5ab99,"‘No se descarriló, se movió’: Sheinbaum minimiza accidente en Tren Interoceánico",politica,Periódico AM (León),2026-07-17T04:08:00+00:00,0
c7aa13b3c507,SNTE ya perfila desaparición de la “nefasta” USICAMM para el próximo periodo ordinario en el Congreso de la Unión,politica,Infobae México,2026-07-17T04:00:43+00:00,0
50c1dd933677,"Búsquedas de personas en Tláhuac -Chalco se reanudarán el 11 de agosto: Jacqueline Palmeros; es un área que no ha sido rastreada, destaca",sociedad,El Universal,2026-07-17T03:59:57+00:00,0
96644a42647d,Confirman a la gamer y actriz Arantza Ruiz para ‘La casa de los famosos México’,sociedad,Periódico AM (León),2026-07-17T03:58:19+00:00,0
34bc92d1087a,"Bravos de León cierra la serie con victoria de 13-0 ante Conspiradores, haciendo cuatro jonrones",deportes,Periódico AM (León),2026-07-17T03:56:22+00:00,0
a7a6f921a3a3,INAH y autoridades ejidales de Villa de Chalco celebran convenio para conservación del sitio arqueológico Los Tlalteles,sociedad,Infobae México,2026-07-17T03:54:07+00:00,0
d0c70229d414,Cae en Guanajuato exfuncionario de Edomex ligado a red de ‘aviadores’,politica,Periódico AM (León),2026-07-17T03:51:19+00:00,0
029a5d22b571,Necaxa arruina el regreso del Atlante y de 'El Piojo' Herrera con remontada de último minuto,deportes,El Economista,2026-07-17T03:43:00+00:00,0
451a5af1a106,Trump vuelve a sembrar dudas sobre el sistema electoral,politica,DW Español,2026-07-17T03:43:00+00:00,-25
d2adc651c996,Del desempleo a la caza del migrante en Sudáfrica: el movimiento que ha convertido a los extranjeros en el chivo expiatorio,internacional,El País América,2026-07-17T03:40:00+00:00,-40
e0878bdcbd9a,Liga MX: Atlante suma su primer descalabro en su regreso a Primera División ante el Necaxa,politica,El Universal,2026-07-17T03:35:09+00:00,0
0e7a8615bc83,Trump revela informe sobre elecciones de 2020,politica,El Economista,2026-07-17T03:34:40+00:00,20
23fab51138c9,Gobierno federal asigna recursos para atender Alertas de Violencia de Género; invertirán más de 131 mdp,politica,El Universal,2026-07-17T03:33:35+00:00,0
ad5cb22c45ef,La aplicación plena de la amnistía queda en manos del Constitucional y el Supremo tras el aval del TJUE,politica,El País América,2026-07-17T03:30:01+00:00,-20
fbfb14c778a8,El Gobierno recibe el fallo europeo como aval a su apuesta política de la legislatura mientras Junts y ERC niegan el fin del conflicto,politica,El País América,2026-07-17T03:30:01+00:00,-20
f0be9985393e,15 novelas negras ideales para el verano analizadas y comentadas para elegir bien,literatura,El País América,2026-07-17T03:30:01+00:00,0
7af2172a94c5,"Los trabajadores que se incorporen ahora al mercado trabajarán de media casi 37 años, dos más que en 2015",economia,El País América,2026-07-17T03:30:01+00:00,0
d84a692d7b59,De la “libertad y rebeldía” a la “anarquía y el caos” en la “ciudad sin ley”: el festival motero de Soria con una muerta y más de 435 denuncias,sociedad,El País América,2026-07-17T03:30:01+00:00,0
f06f2618c955,Morir en la quinta planta del Gregorio Marañón: “Aquí me dan paz y amor”,sociedad,El País América,2026-07-17T03:30:00+00:00,5
ff23e80d3be8,"Trump acusa a China de ""interferir"" en las elecciones de 2020: ¿qué dicen las pruebas?",politica,France24 Español,2026-07-17T03:29:59+00:00,0
8a1553354d1b,"La nanotecnología entra al terreno de juego como ""jugador invisible""",deportes,El Economista,2026-07-17T03:29:41+00:00,0
65f8104ba1d7,Amnistía Internacional condena asesinato de periodista en Puebla; exige investigación y justicia,sociedad,El Universal,2026-07-17T03:29:28+00:00,-5
a16f2d7f61ec,"Ana Rubio, experta en café: “Si no te comes la tostada quemada, ¿por qué te tomas el café quemado?”",sociedad,El País América,2026-07-17T03:25:00+00:00,0
8a7173dfd39f,"Trump acusa a China de ""interferir"" en elecciones de 2020 y critica el sistema electoral de EE. UU.",politica,France24 Español,2026-07-17T03:24:58+00:00,0
2d0e4d3287cb,Reconocen a Banco Azteca,economia,El Economista,2026-07-17T03:18:33+00:00,5
adb02dc75185,El viento es lo que nos une en el espacio: Alejandro Escuer,sociedad,El Economista,2026-07-17T03:16:07+00:00,0
6516728ef770,Necaxa vence al Atlante con voltereta en el primer partido del Apertura 2026,deportes,Periódico AM (León),2026-07-17T03:14:56+00:00,10
963b420f3549,"Macron promete ""tolerancia cero"" contra pirómanos",politica,DW Español,2026-07-17T03:08:00+00:00,0
8c9630c70977,"Valor de mercado de J.P. Morgan, cercano a 1 billón de dólares",economia,El Economista,2026-07-17T02:59:08+00:00,0
4cb5291651bd,Embajador de México en EEUU se reúne con el director de ICE para abordar las muertes de connacionales,politica,Infobae México,2026-07-17T02:57:21+00:00,0
524bb8d0ab1e,"Tras asesinato del periodista Josué Martínez Contreras, resurge video donde denunció presuntas amenazas",sociedad,Infobae México,2026-07-17T02:55:04+00:00,0
af96e9e72faf,Secretaría de Cultura dice que edificio de Dinamarca 84 cuenta con revisiones y dictámenes de seguridad,sociedad,El Universal,2026-07-17T02:43:49+00:00,10
a153b565d9d2,Consejos prácticos para una limpieza profunda de verano; así puedes organizar tu hogar en vacaciones,sociedad,El Universal,2026-07-17T02:43:09+00:00,0
c56df807777b,Temblor hoy 16 de julio en México: se registró un sismo de magnitud 4.3 en Chiapas,sociedad,Infobae México,2026-07-17T02:39:19+00:00,0
de8a5da59d54,Donald Trump recalca necesidad de “elecciones honestas y justas”,politica,Expansión,2026-07-17T02:37:25+00:00,-20
9ebbf43ee3fa,Embajador Lazzeri sostiene reunión con autoridades de ICE; buscan esclarecer la muerte de connacionales en Estados Unidos,politica,El Universal,2026-07-17T02:36:07+00:00,0
f65f3dea0ebb,Bolsa de Tokio cae más de 4% mientras se intensifica la venta de los valores tecnológicos,economia,El Economista,2026-07-17T02:32:49+00:00,0
7be435413e73,¿Sufres de dolor de ciática?; 5 ejercicios fáciles que te darán un alivio inmediato,sociedad,El Universal,2026-07-17T02:18:54+00:00,0
6d1512c4c497,Aprueban 145 millones de pesos para obras hidráulicas en Morelos,economia,El Economista,2026-07-17T02:15:50+00:00,0
f55397b5a1ec,Trump cuestiona la integridad del sistema electoral; promete divulgar documentos sobre presunta injerencia china,politica,El Universal,2026-07-17T02:15:16+00:00,-30
7e20cb7e38ba,Xi Jinping presentará la visión de China sobre el desarrollo y la regulación de la IA,tecnologia,El Economista,2026-07-17T02:14:22+00:00,0
bce268fe953b,Carso compra parte de TotalEnergies para explorar Golfo de México,economia,Aristegui Noticias,2026-07-17T02:06:24+00:00,0
8b5a824ab842,"Periodista Marcos Ramos está fuera de peligro, tras ataque a balazos en Chiapas; continúa su recuperación",sociedad,El Universal,2026-07-17T02:01:53+00:00,0
970e905b49e8,OnePlus cierra operaciones en EE.UU. y Europa esta semana: el fin de una marca que quería ser la cámara lenta de Android,tecnologia,WWWhatsnew,2026-07-17T02:00:46+00:00,0
dfc56922f8ea,"Aprehenden a Ricardo Thompson, socio de Ruffo en Ingemar; lo culpan de contrabando",politica,El Universal,2026-07-17T01:58:20+00:00,0
5e240986f515,"Cae Ricardo Thompson Navarro, presunto socio de Ingemar, empresa del exgobernador Ernesto Ruffo investigada por huachicol fiscal",politica,Infobae México,2026-07-17T01:56:49+00:00,0
310bf489153d,"Fue el primero en arrebartar una gubernatura al viejo PRI y ahora es acusado por “huachicol”, la historia de Ernesto Ruffo Appel",politica,Infobae México,2026-07-17T01:56:10+00:00,0
d9d9e5579357,Trofeo del Mundial llegará con estilo en un baúl de Louis Vuitton hecho a medida,deportes,El Economista,2026-07-17T01:56:09+00:00,15
e6aa8517ef83,Banco Base continúa con su plan de inversión hacia los próximos tres años,economia,El Economista,2026-07-17T01:52:39+00:00,5
7b21e63a1c6d,"SpaceX cancela la primera prueba, tras salir a la bolsa",tecnologia,DW Español,2026-07-17T01:49:00+00:00,0
e612b42c8836,Alcaldía Cuauhtémoc entrega rehabilitación de Plaza Popocatépetl en la  colonia Hipódromo Condesa; no había sido atendida durante 40 años,politica,El Universal,2026-07-17T01:46:51+00:00,5
590eb1d9eea1,Crea tu propio amuleto verde; guía paso a paso  para sembrar tréboles de cuatro hojas en casa,sociedad,El Universal,2026-07-17T01:44:52+00:00,0
98c014cf0267,Trump pone en duda la integridad del sistema electoral y denuncia interferencia masiva de China,politica,Aristegui Noticias,2026-07-17T01:43:56+00:00,-35
f1f9c375f870,SEP publica la LISTA SUGERIDA de útiles escolares 2026-2027: ¿qué necesitas comprar realmente?,sociedad,El Informador (GDL),2026-07-17T01:40:00+00:00,0
fff813c79242,Previsiones de Netflix decepcionan a Wall Street y se desploman sus acciones,economia,El Economista,2026-07-17T01:36:28+00:00,0
e505e886407b,"Veracruz elevará a 7,000 pesos el pago por tonelada de maíz",economia,El Economista,2026-07-17T01:35:27+00:00,0
841bfb1c0e99,"Protección Civil, Segiagua y la UNAM analizan grieta en avenida Loreto Fabela, en la GAM; no responde a una sola causa, aseguran",sociedad,El Universal,2026-07-17T01:32:43+00:00,0
3578dd951cec,¿Dónde ver en streaming “Demon Slayer: Castillo Infinito”?; esta es la fecha de estreno,sociedad,El Universal,2026-07-17T01:31:27+00:00,0
ecfb06ce728a,Ajustan dinero que partidos en Guanajuato pueden recibir de simpatizantes y militantes,politica,Periódico AM (León),2026-07-17T01:25:22+00:00,0
f3c33498b147,"Detienen a Thompson, socio de Ingemar",politica,Reforma,2026-07-17T01:21:51+00:00,0
af2dcab8a7ad,"Siguen las burlas contra Pedro Sola, Eugenio Derbez lanza cómico video contra el presentador",sociedad,Infobae México,2026-07-17T01:20:50+00:00,0
68b34553f8bb,Exclusivo: Rayados llega a un acuerdo de palabra por Orbelín Pineda,deportes,Periódico AM (León),2026-07-17T01:19:11+00:00,0
a375a9d58a26,Yucatán acerca financiamiento al sector turístico,economia,El Economista,2026-07-17T01:17:04+00:00,0
c3b42e707e46,Conductor de taxi por aplicación es vinculado a proceso por violar a pasajera que se quedó dormida,sociedad,Infobae México,2026-07-17T01:16:07+00:00,0
29a355b52c74,Beca Rita Cetina: ¿Cuándo llega el apoyo para útiles y uniformes escolares?,sociedad,El Informador (GDL),2026-07-17T01:16:00+00:00,0
032a6b934a64,Aumentan empleos del sector primario en Morelos,economia,El Economista,2026-07-17T01:14:09+00:00,0
8bf8721caf37,"En plena tensión por el T-MEC, Roberto Velasco viaja a Canadá para apuntalar la relación bilateral",politica,Infobae México,2026-07-17T00:59:08+00:00,0
d932ef66463a,"Detienen a mujer por atacar con ácido a joven en Celaya, Guanajuato; es vinculada a proceso por tentativa de feminicidio",sociedad,El Universal,2026-07-17T00:58:04+00:00,0
b05c6ec24f2e,"Sargazo, falta de vuelos y crisis global rompen la promesa de turismo mundialista en el Caribe mexicano",economia,Aristegui Noticias,2026-07-17T00:55:43+00:00,0
7c8d8a5b68e9,¿Cuánto dinero dejó el Mundial 2026 en México?,economia,El Economista,2026-07-17T00:53:27+00:00,10
89fcf77fe644,La nueva especie de mono con labios naranjas que fue descubierta en el corazón de África,internacional,BBC News Mundo,2026-07-17T00:45:56+00:00,0
68efcb940607,Conductor de plataforma de Sinaloa es detenido en Sonora; era buscado por homicidio,sociedad,El Universal,2026-07-17T00:37:26+00:00,0
facc5649b9b0,"Jugadores de España entrenan, de cara a la final del Mundial 2026, con aire catalogado como ‘insalubre’ en Nueva Jersey",deportes,Periódico AM (León),2026-07-17T00:36:29+00:00,10
76951aab83d7,Liga MX: Necaxa vs Atlante EN VIVO Sigue aquí el MINUTO A MINUTO del partido | Apertura 2026,deportes,El Universal,2026-07-17T00:35:37+00:00,0
183ed76c7f61,Siria: el desafío de recuperar el turismo tras 14 años de guerra,economia,France24 Español,2026-07-17T00:34:27+00:00,5
1d2713ff4315,"Quién es Hernán Crespo, leyenda argentina que llega como técnico del Atlas",deportes,Infobae México,2026-07-17T00:31:27+00:00,0
63e0ab0bb1f4,Detiene Marina a presunto líder de huachicol en Edomex,sociedad,Aristegui Noticias,2026-07-17T00:20:20+00:00,-10
57729875f1bf,Aficionados convocan a no acudir a partidos de la Jornada 1 por desaparición del descenso,deportes,Infobae México,2026-07-17T00:19:33+00:00,-20
dd7448ca66ac,"Vinculan a proceso a ""El Kino"" acusado de homicidio en Edomex; es hermano de Nancy Gómez, exalcaldesa morenista de Chicoloapan",politica,El Universal,2026-07-17T00:18:19+00:00,0
ec35605ea5fc,"Más anuncios, deportes y eventos en vivo: así perfila Netflix el futuro de su catálogo",tecnologia,Expansión,2026-07-17T00:14:11+00:00,5
2422d9d1d75c,Mundial 2026 incumplió expectativas económicas y de turismo: Deloitte,economia,El Economista,2026-07-17T00:13:21+00:00,-5
f2dfb5f806e8,MICGénero 2026 apuesta por la equidad con 25 filmes dirigidos por mujeres: recupera la obra de Susan Sontag,sociedad,Infobae México,2026-07-17T00:13:11+00:00,-25
964da43438ea,Subastan la camiseta que usó Pelé en la final de 1958 en 4.9 millones de dólares,deportes,Aristegui Noticias,2026-07-17T00:12:33+00:00,0
c94d10a96d39,Healthy People anuncia a ‘Trinca de Mi Vida FC’… que jugará en Abasolo,deportes,Periódico AM (León),2026-07-17T00:00:23+00:00,0
f6a5df354702,GMC Hummer EV Icon 25: revive el icónico color que marcó a la Hummer H2 hace más de 20 años,tecnologia,El Economista,2026-07-17T00:00:00+00:00,10
e7a9dd303b7b,Racing goleó 4-1 a Defensa y Justicia y avanzó a octavos de final de la Copa Argentina,deportes,Infobae Deportes,2026-07-16T23:59:06+00:00,0
8b3672e96bbc,Yordi Rosado recibe ola de críticas por celebrar pase de Argentina a la final del Mundial,sociedad,Infobae México,2026-07-16T23:57:00+00:00,0
70d4f93b694b,Paris Jackson mantiene el pleito por la herencia de Michael Jackson,sociedad,El Universal,2026-07-16T23:53:11+00:00,0
abc559ff48dc,El análisis de datos al servicio del fútbol en la Copa del Mundo,deportes,France24 Español,2026-07-16T23:50:33+00:00,5
06d62ab5070c,Informe desde Nueva York: humo por incendios en Canadá llega a Estados Unidos,sociedad,France24 Español,2026-07-16T23:49:04+00:00,0
a85faa5232d9,Humo de incendios en Canadá llega a Nueva York; autoridades emiten una alerta por la calidad del aire,sociedad,El Universal,2026-07-16T23:36:02+00:00,0
3253b6a5866e,Somos México exige liberación inmediata de Ruffo Appel; califica detención como arbitraria e ilegal,politica,El Universal,2026-07-16T23:27:11+00:00,-35
bf853d231edb,Por qué Nike volvió a Chivas y qué gana con vestir al club más popular de México,deportes,Expansión,2026-07-16T23:26:43+00:00,5
138109bf8c61,¿Cuánto durarán las vacaciones de verano?; la SEP ya publicó la fecha oficial del regreso a clases,sociedad,El Universal,2026-07-16T23:26:20+00:00,0
9ee6706f4dfc,Geely lleva la transferencia tecnológica al Tec de Monterrey para formar talento en movilidad inteligente,tecnologia,Expansión,2026-07-16T23:25:28+00:00,20
e1033d993e77,Al alza la demanda de talento en la industria energética de Querétaro,economia,El Economista,2026-07-16T23:24:15+00:00,10
4a8fef709381,"México alerta por brote de ""diarrea explosiva"" en EU; estos son los síntomas",sociedad,El Universal,2026-07-16T23:22:23+00:00,0
60c8dddcb394,Vinculan a proceso al hermano de la exalcaldesa de Chicoloapan: “El Kino” podría recibir hasta 70 años de cárcel,sociedad,Infobae México,2026-07-16T23:21:00+00:00,0
8dabb5abded5,Asesinan al periodista Josué Martínez ‘El Jaguar’ en Puebla,sociedad,El Economista,2026-07-16T23:17:21+00:00,0
b7c4a0e6b3de,Compra Carso a TotalEnergies  participación en bloque,economia,Reforma,2026-07-16T23:16:27+00:00,0
9f006f9410a1,"La Casa de los Famosos México 2026: Masad Altamimi revela su estrategia, desea hacer equipo con Karina Torres",sociedad,Infobae México,2026-07-16T23:11:00+00:00,0
d32ed6a4610d,Ataques de EE.UU. golpean aeropuerto y puentes en Irán,internacional,DW Español,2026-07-16T23:03:00+00:00,0
f4ab6403a55c,¿Tienes uno de estos autos? El top de vehículos más robados y cómo afecta el costo de tu seguro,economia,El Economista,2026-07-16T23:00:00+00:00,0
8034d903d953,"Mundial 2026 dejó una derrama de 2,543 millones de dólares, impulsada por el consumo local",economia,El Economista,2026-07-16T22:59:32+00:00,20
e99ec3e84ddb,Fortnite lanza tráiler “Verano de Batman”; nuevas skins causan sensación,tecnologia,El Universal,2026-07-16T22:56:44+00:00,0
9ee4e322982a,La UNAM publica este viernes 17 de julio los resultados del ingreso a licenciatura 2026,sociedad,Infobae México,2026-07-16T22:56:00+00:00,-5
11f1385fa7d5,"Detienen a David Vargas Rivera, alias “El Ocra”, presunto líder huachicolero de alto rango en el Edomex",sociedad,Infobae México,2026-07-16T22:38:38+00:00,0
2fbccdbe4cdf,Amazon México remata secadora centrifuga Koblenz en menos de 2 mil 200 pesos; no dejes pasar la oferta,economia,El Universal,2026-07-16T22:30:00+00:00,5
2bb4b6c77a57,El inconveniente que sufrió la selección argentina y demoró su viaje a Nueva York para la final del Mundial,deportes,Infobae Deportes,2026-07-16T22:26:58+00:00,0
37b4a25a654a,Los cancilleres Roberto Velasco y Annita Anand se reunirán en Ottawa,politica,El Economista,2026-07-16T22:23:15+00:00,0
f7f7aa0f767b,Cancún perdió 14% de oferta de asientos de avión durante el Mundial,economia,El Economista,2026-07-16T22:16:55+00:00,0
6fde11e88058,"Quién es Juan Martínez, el futbolista más joven en Liga MX después de Gilberto Mora",deportes,Infobae México,2026-07-16T22:16:38+00:00,0
06dbdf0be89b,Las estrellas del cubo Rubik brillan en el europeo de speedcubing en Países Bajos,internacional,Euronews Español,2026-07-16T22:16:34+00:00,0
bf1f170f2931,Luis Fernando Peña revela cómo se encuentra tras pasar por el quirófano,sociedad,El Universal,2026-07-16T22:15:21+00:00,0
11418722d4e9,¿Qué está pasando en el Metro CDMX y Metrobús hoy 16 de julio? Se reportan retrasos en la Línea 1,sociedad,Infobae México,2026-07-16T22:14:52+00:00,0
8ca3de30192b,Industria cárnica crece 15.5% en Querétaro,economia,El Economista,2026-07-16T22:08:21+00:00,5
6a32ec067931,"El planeta ya tiene más dispositivos conectadas que personas, y la crisis eléctrica apenas comienza",tecnologia,Expansión,2026-07-16T22:06:10+00:00,0
e1ea16e4ea13,¿Qué significa AVG en el tablero de un auto?,tecnologia,Expansión,2026-07-16T21:59:46+00:00,0
167c155e1558,Wall Street cierra la jornada con pérdidas; destaca caída del sector tecnológico,economia,El Economista,2026-07-16T21:58:37+00:00,0
ae9500ff20e7,Causa en Común documenta 658 casos de asesinatos con mutilación tan solo en la primera mitad de 2026,sociedad,Infobae México,2026-07-16T21:57:20+00:00,-15
bb84acc4672f,"Ernesto Ruffo Appel, el Bárbaro del Norte que puso fin a la hegemonía del PRI; uno de los principales rostros de la oposición panista",politica,El Universal,2026-07-16T21:56:38+00:00,15
d9a23592991a,La historia del empresario español que pasó de vender ropa a ser más rico que Carlos Slim y Bill Gates,economia,Expansión,2026-07-16T21:40:14+00:00,10
0bcb0fae4968,Bolsa mexicana cierra con pérdidas; acciones de Banorte lideraron las caídas,economia,El Economista,2026-07-16T21:39:32+00:00,0
058c4b193b34,Fernando Platas ve a México como favorito para ganar medallas en la Copa México,deportes,El Universal,2026-07-16T21:36:03+00:00,0
72f005f77625,Inauguran distribuidor vial de Parque Residencial Coacalco; buscan desahogar la movilidad en la Vía José López Portillo,sociedad,El Universal,2026-07-16T21:34:21+00:00,15
88284f5c185c,Esta es la calidad del aire en CDMX y Edomex este jueves 16 de julio: reporte completo por alcaldías y municipios,sociedad,Infobae México,2026-07-16T21:30:59+00:00,0
475ec9cc9469,España combate un gran incendio forestal en Aragón en plena ola de calor,sociedad,Euronews Español,2026-07-16T21:29:42+00:00,0
edff26fe0d50,"FGR informa la detención del exgobernador de Baja California, Ernesto Ruffo",politica,El Economista,2026-07-16T21:27:36+00:00,0
c71820d9cf4c,Los cinco destinos turísticos de México que reciben más visitantes nacionales e internacionales,economia,Expansión,2026-07-16T21:27:29+00:00,12
f70db8617c3f,Precio del euro hoy en México: cotización de cierre del 16 de julio,economia,Infobae México,2026-07-16T21:16:47+00:00,0
2688a8c7edc6,"Detienen Ernesto Ruffo, exgobernador de Baja California, por delincuencia organizada y contrabando",politica,Infobae México,2026-07-16T21:15:55+00:00,0
8bca9e4a8215,"Despliegan operativo aéreo y terrestre en Navolato, Sinaloa; se desconoce si hay personas detenidas",sociedad,El Universal,2026-07-16T21:14:38+00:00,10
461cd770b47a,Ventas minoristas pierden impulso en EU durante junio por cautela de consumidores,economia,El Economista,2026-07-16T21:13:16+00:00,0
37fb535c9d63,"Exhiben a Stardust, app para registrar el ciclo menstrual, por compartir datos de salud de usuarias",tecnologia,Expansión,2026-07-16T20:59:23+00:00,0
484f1bbf6a71,"Los alacranes de la Ciudad de México casi no son peligrosos, pero hay un error que sí puede matarte",sociedad,Infobae México,2026-07-16T20:58:12+00:00,0
12b15d1dddec,Ella Bright es la nueva embajadora de Rare Beauty,sociedad,El Universal,2026-07-16T20:57:29+00:00,0
048983122791,Brugada supervisa construcción de tanques tormenta en Calzada Ignacio Zaragoza; estarán listos el 14 de agosto,politica,El Universal,2026-07-16T20:57:09+00:00,15
cde9d46ff98b,Estrategia de seguridad estatal disminuye feminicidio en 66.7%: Armenta Mier,politica,El Economista,2026-07-16T20:48:09+00:00,-30
bd4194e06413,"Brote de ébola en el Congo se propaga ""más rápido"" que las epidemias anteriores, alerta la OMS",internacional,El Economista,2026-07-16T20:42:23+00:00,0
eff7ad6e3051,"Irán amenaza con ""destruir todo lo que estaba intacto"" si EE. UU. ataca infraestructura iraní",internacional,France24 Español,2026-07-16T20:34:29+00:00,0
a191d626a141,El drama de Marx Arriaga; remata su casa por deudas tras salir de la SEP,sociedad,El Informador (GDL),2026-07-16T20:32:00+00:00,-12
d20d4a165549,El particular posteo de Messi que enciende la ilusión de Argentina en el Mundial: ¿cábala o increíble coincidencia con Qatar 2022,deportes,Infobae Deportes,2026-07-16T20:31:02+00:00,0
8d000b67a0d1,7.600 hectáreas quemadas y un millar de evacuados: el balance de un incendio sin control que abre esta noche una ventana de oportunidad,sociedad,El País América,2026-07-16T20:30:45+00:00,0
d04ac31455c1,"¿Quién es Masad Altamimi, noveno habitante de La casa de los famosos México?",sociedad,Periódico AM (León),2026-07-16T20:30:43+00:00,0
d9f674cbe78d,Amazon México: Cámara de vigilancia Tapo TP-Link TC70 con Wi-Fi en menos de 400 pesos; aprovecha el descuento del 20%,tecnologia,El Universal,2026-07-16T20:30:00+00:00,0
506265829c68,"Ghost llevará al cine sus conciertos en Ciudad de México con ""2 Big To Rig""",sociedad,El Universal,2026-07-16T20:29:40+00:00,8
ff18ac6d26a4,Infectólogo Alejandro Macías advierte sobre brote de ciclosporiasis que podría llegar a México,sociedad,El Informador (GDL),2026-07-16T20:29:00+00:00,0
90a1b93f3f47,Las opciones para estudiar si no obtuviste un lugar en la UNAM o el IPN,sociedad,Expansión,2026-07-16T20:22:28+00:00,0
2fd3cb984a9c,Eli Lilly concentra 50% de su inversión en investigación clínica en obesidad y diabetes en México,economia,El Economista,2026-07-16T20:21:20+00:00,0
9f920e6f8cdb,Senado de Chile aprueba polémica megarreforma económica de Antonio Kast,economia,El Economista,2026-07-16T20:16:19+00:00,-15
b69ce320b185,Aumenta el financiamiento de vivienda durante 2026,economia,El Economista,2026-07-16T20:15:52+00:00,0
f8d834ad2228,"Abogado de mexicano asesinado por ICE dice que bolsitas halladas en su camioneta contienen sal; parecía metanfetamina, según agente",politica,El Universal,2026-07-16T20:14:23+00:00,-35
103633f70cfc,"JAC 4 se renueva con más equipamiento y apuesta por conquistar a compradores de sedanes con un precio de 369,000 pesos",economia,Expansión,2026-07-16T20:07:43+00:00,0
9b626271f449,Crece en 19.2% población en cárceles durante 2025; Inegi reporta ingreso de 157 mil personas en centros penitenciarios,sociedad,El Universal,2026-07-16T20:06:03+00:00,0
943883cb6ef4,"Tras su critica a Argentina, Gary Neville pidió debatir si Messi superó a Pelé y Maradona: la burla a Cristiano Ronaldo",deportes,Infobae Deportes,2026-07-16T20:05:35+00:00,0
5718a973e6be,Colocan barda en acceso a Feria de León para evitar filtraciones durante el Festival Vive León 2026,sociedad,Periódico AM (León),2026-07-16T20:03:33+00:00,0
c83f9d77b34e,"Boca se medirá con Sarmiento de Junín por los 16avos de final de la Copa Argentina en el debut de Arruabarrena: hora, TV y formaciones",deportes,Infobae Deportes,2026-07-16T20:02:42+00:00,0
eb0777fc071a,Hoy No Circula del 17 de julio: qué autos descansan en CDMX y Edomex,sociedad,Infobae México,2026-07-16T20:01:00+00:00,0
517577f07552,Banco Azteca es reconocido como el banco de mayor crecimiento en México,economia,El Economista,2026-07-16T19:59:55+00:00,20
77fefa960865,Detenido el presunto autor del incendio forestal de Lozoyuela que mantiene confinadas varias poblaciones al norte de Madrid,sociedad,El País América,2026-07-16T19:48:53+00:00,-15
4acb31effb64,Sonrisas y relajación: las imágenes de la primera práctica de Argentina tras llegar a la final del Mundial y el sutil dardo viral,deportes,Infobae Deportes,2026-07-16T19:39:38+00:00,0
8594ae264f3c,Starlink tiene un problema: su antena residencial es grande y gastona. La nueva generación llega para corregirlo,tecnologia,Xataka,2026-07-16T19:31:55+00:00,3
2e40d4ca687e,Mueren 11 niños y otros 19 resultan heridos en un incendio en un orfanato de Argelia,internacional,Euronews Español,2026-07-16T19:12:20+00:00,0
3ec61cc2993c,Esta nueva app para iPhone convierte tu carrete de fotos en vídeos para TikTok,tecnologia,Hipertextual,2026-07-16T19:10:00+00:00,0
b0d7e17685b0,La FIFA evalúa los informes tras la exhibición de la bandera de Malvinas en Argentina-Inglaterra: los antecedentes y posibles sanciones,deportes,Infobae Deportes,2026-07-16T18:37:54+00:00,-15
46ad043995dd,"Pensamos que el ventilador nos salva del calor, pero a partir de los 35 grados logra exactamente el efecto contrario",sociedad,Xataka,2026-07-16T18:01:55+00:00,0
c4f2ecb290e2,Adiós NotebookLM: Google cambia el nombre de una sus herramientas de IA más populares,tecnologia,Hipertextual,2026-07-16T17:58:23+00:00,0
6092dfb04701,El calor extremo ha conseguido algo inédito: convertir los aires acondicionados chinos en un fenómeno de masas en Europa,tecnologia,Xataka,2026-07-16T17:31:55+00:00,0
54192e5331c1,La NASA busca a cuatro personas que quieran vivir un año en Marte sin salir de la Tierra,tecnologia,Xataka,2026-07-16T17:01:55+00:00,0
83e8ec1f4eef,Aparecen las primeras fundas del iPhone plegable en Amazon Japón y dejan al descubierto su diseño final,tecnologia,Applesfera,2026-07-16T17:01:55+00:00,0
7b9a6b4a4f4a,Inauguran la exposición Geometría Viva del artista abstracto Alberto Lenz,sociedad,Periódico AM (León),2026-07-16T16:49:11+00:00,0
e5a205511bbb,Crece cifra de personas privadas de la libertad sin sentencia; Inegi registra casi 98 mil presos en esa situación,sociedad,El Universal,2026-07-16T16:48:25+00:00,0
ec858e7a1f64,Ganar más de 600.000 euros al año parecía una rareza en España. Hacienda ha contado ya casi 19.000 casos,economia,Xataka,2026-07-16T16:45:55+00:00,-15
ca7b05b3af35,Competitividad de Querétaro atrae a inversionistas: Felipe Macías,economia,El Economista,2026-07-16T16:39:04+00:00,30
7a8129c39452,Intentan irrumpir en domicilio del periodista Ángel Maldonado en Coahuila; Artículo 19 exige reforzar protección federal,sociedad,El Universal,2026-07-16T16:35:08+00:00,0
cd87bedc2601,"Apple pisa el acelerador con el iPad mini con pantalla OLED, que llegará este mismo año",tecnologia,Hipertextual,2026-07-16T16:35:00+00:00,0
a6628bc787c5,La técnica japonesa para secar la ropa en espacios cerrados de una forma más eficiente y rápida,tecnologia,Xataka,2026-07-16T16:31:55+00:00,0
007d0b970b85,"Los expertos coinciden: “Hay fundamentos jurídicos que justifican que Renfe devuelva el dinero si viajas sin aire acondicionado""",sociedad,Xataka,2026-07-16T16:01:55+00:00,0
16ecfe89d709,Lidl agota su climatizador evaporativo de 45 euros. Hemos encontrado una alternativa muy parecida y más barata,tecnologia,Xataka,2026-07-16T15:15:55+00:00,0
aefd14dc1cbd,Las otras Odiseas,sociedad,Letras Libres,2026-07-16T15:13:00+00:00,0
18d61539aff5,Los iPhone permiten que muchos servicios accedan a nuestra ubicación. En estos ajustes escondidos se puede modificar,tecnologia,Applesfera,2026-07-16T15:01:56+00:00,3
d4fce9899632,Qué es una supernova: la física detrás de las explosiones más violentas del universo capaces de apagar galaxias enteras,tecnologia,Xataka,2026-07-16T15:01:55+00:00,0
6dd0fcdffa2f,Claude se integra con 1Password y ahora puede usar tus contraseñas para iniciar sesión por ti,tecnologia,Hipertextual,2026-07-16T15:00:16+00:00,5
4979b0741ead,¿Miente la DEA o miente Sheinbaum?,politica,Letras Libres,2026-07-16T15:00:00+00:00,-30
c61bd84149a8,América Latina tiene que tomarse en serio El Niño y tiene que hacerlo ya,sociedad,Xataka,2026-07-16T14:31:55+00:00,-5
41916e5d5ecd,"Dreame T16 Pro Heat, análisis: el dispositivo de limpieza definitivo viene de China y ha conseguido que tire la fregona",tecnologia,Xataka,2026-07-16T14:01:56+00:00,0
8383cb304df9,"Siete días de ofertas en móviles de gama alta: MediaMarkt empieza nueva promo con teléfonos como el Galaxy S26 Ultra, el Pixel 10 y más",tecnologia,Xataka,2026-07-16T13:15:55+00:00,0
27dfd5d885fc,Meta ahora avisará a los padres de niños que estén hablando con su IA sobre suicidio,tecnologia,El Androide Libre,2026-07-16T13:15:50+00:00,-20
7932ce52c3ef,La DGT tiene un mapa más fiable que Google Maps y Waze: se actualiza en tiempo real con cada incidencia en carretera,tecnologia,Xataka,2026-07-16T13:01:56+00:00,0
3bbebdb8c9a8,"Adiós Francia, hola granjas chinas: cómo el gigante asiático se está convirtiendo en el nuevo campeón mundial del foie gras",economia,Xataka,2026-07-16T12:31:55+00:00,0
bd857b4354f5,Pemex no registra 138 mil barriles diarios de crudo; sospechan de robo y contrabando,economia,,2026-07-16T12:05:00+00:00,
89b70ed430d7,Reino Unido pide a la FIFA investigar a Argentina después de que el equipo de fútbol mostrara una pancarta de las Malvinas/Falklands tras la victoria,politica,,2026-07-16T11:59:06+00:00,
e65d88a36a35,El Cervantino busca equilibrar diversidad,sociedad,,2026-07-16T11:55:44+00:00,
71be1dcdedde,"¿Comprar o rentar? La autora de ""Pequeño Cerdo Capitalista"" explica la estrategia para comprar una casa",economia,,2026-07-16T11:55:35+00:00,
26e4781642ee,Las Afores administran 8.95 billones de pesos y ya superan al crédito de la banca,economia,,2026-07-16T11:55:24+00:00,
98e04355f40f,"Las tapas de los diarios ingleses tras la eliminación del Mundial ante Argentina: “Jugadas sucias”, “Destrozados” y “Derrotados por Messi”",deportes,,2026-07-16T11:54:50+00:00,
ef90a6bf55c3,"China, te necesitamos: solo los fabricantes chinos de memorias pueden devolver la cordura al mercado del hardware",tecnologia,,2026-07-16T11:45:55+00:00,
8f6f2b0735cc,Vicealmirante Farías Laguna pidió que exsecretario de Marina declarara en investigación sobre huachicol fiscal,politica,,2026-07-16T11:37:57+00:00,
8816ac979732,El infierno de Autofirma tiene los días contados. Paterna acaba de introducir el DNI digital en su administración,tecnologia,Xataka,2026-07-16T11:36:31+00:00,0
e1ea9172191d,Cambios para los trámites del paro online: esto es lo que el SEPE ha cambiado a partir del 16 de julio del 2026,sociedad,Xataka,2026-07-16T11:31:58+00:00,0
753a11d63df4,Xiaomi se ha sacado de la manga un truco para que el móvil no se derrita mientras carga: un 'bypass' para saltarse la batería,tecnologia,Xataka,2026-07-16T11:31:55+00:00,0
741e6046b48a,"Inverosímil, que la fiscalía no estuviera enterada quién era “El Jando”, señalan expertos",politica,,2026-07-16T11:21:36+00:00,
581766a4932e,El TJUE avala la ley de amnistía al descartar que contravenga las normas europeas y allana el regreso de Puigdemont,politica,,2026-07-16T11:15:54+00:00,
8b370819dd21,Cazan una nueva amenaza en macOS que te roba las claves imitando a la perfección los propios avisos de Apple,tecnologia,Applesfera,2026-07-16T11:01:56+00:00,5
e6b3aa92979b,Restituyen a México tres piezas arqueológicas,sociedad,,2026-07-16T09:00:11+00:00,
7c42fc0a77e2,Reflexionan sobre la relación de la CDMX con el agua,sociedad,,2026-07-16T09:00:11+00:00,
1dd08e4b408c,Alemania devolverá a familia judía un busto de Picasso expoliado por el nazismo,internacional,La Jornada Cultura,2026-07-16T09:00:11+00:00,10
b35a49a0d086,Reconstrucción de pintura mural en Calakmul devela escena mitológica,sociedad,La Jornada Cultura,2026-07-16T09:00:11+00:00,-10
1a41a6c01f46,"Una IA en la orilla, un socio imprescindible y mucha burocracia. Apple está a punto de dar un gran paso en China",tecnologia,Applesfera,2026-07-16T08:31:55+00:00,0
7c4f1bf6ea6d,Vender el alma otra vez,sociedad,Letras Libres,2026-07-16T08:13:42+00:00,-20
2e1ac30dacbd,La Unión Europea confirma nuevas excepciones en la ley de baterías reemplazables. Es buena noticia para AirPods y Apple Watch,tecnologia,Applesfera,2026-07-16T06:40:43+00:00,0
dbc8e46967c6,Reflejos rotos: la mirada de Clarice Lispector al margen de la ciudad,literatura,,2026-07-16T06:39:56.198209+00:00,
1b2ca2abbc6f,Europa depende de China para materiales críticos: Bruselas ya prepara un equipo de emergencia,economia,,2026-07-16T06:31:54+00:00,
2baf139f0cf4,Julián LeBarón buscará la gubernatura de Chihuahua en 2027 con Somos MX pese a amenazas de muerte,politica,,2026-07-16T06:22:46+00:00,
d7bc9a7a056d,Inquieta a EU baja de piezas estadounidenses en autos hechos en México,economia,,2026-07-16T06:10:55+00:00,
8b5749868f53,EN VIVO | Clima en CDMX y México hoy jueves 16 de julio,sociedad,,2026-07-16T06:03:02+00:00,
89557d973d04,"Tener estabilidad y vigencia, metas de Arizmendi",sociedad,,2026-07-16T06:03:00+00:00,
e20f419d0218,David Ortega habla de otras masculinidades,sociedad,,2026-07-16T06:01:00+00:00,
ce5d03e35508,Cumbia Pedregal refresca cumbiones,sociedad,,2026-07-16T06:00:00+00:00,
3869957e074e,El estándar imposible de la prueba de eficiencias,economia,,2026-07-16T05:54:29+00:00,
22ea318e24bd,"EE.UU. bombardea zonas cerca de Teherán por primera vez, según medios iraníes",internacional,,2026-07-16T05:16:02+00:00,
ddb5d1e1b5b1,Esta cámara quiere que grabes tus vacaciones de verano como si fuese una película: probamos la nueva Insta360 Luna Ultra,tecnologia,,2026-07-15T23:20:12+00:00,
779fb39204a7,La última filtración del Pixel 11 revela su función más importante,tecnologia,Hipertextual,2026-07-15T23:03:29+00:00,0
04a0534db21a,Recepcionista sufre agresión de huésped en hotel de Santa Fe: cámaras captan el ataque,sociedad,,2026-07-15T21:26:34+00:00,
3bbbd4673aeb,Iban a parar riña y acaban heridos: Vecinos de Las Mandarinas golpean a policías en León,sociedad,,2026-07-15T21:26:12+00:00,
9de776f4d08b,"Los goles de Gordon, Enzo Fernández y Lautaro en la victoria de Argentina frente a Inglaterra en el Mundial",deportes,,2026-07-15T21:19:41+00:00,
0b3448894958,La mecánica cuántica no es magia y nada tiene que ver con el misticismo: Alcubierre,tecnologia,,2026-07-15T21:13:50+00:00,
6c9cc8c0efae,"Inglaterra - Argentina, las semifinales del Mundial en directo | Mac Allister estrella un remate al poste",deportes,,2026-07-15T20:43:03+00:00,
1ff1490c458a,Las SUV representan 2 de cada 3 ventas de Honda en México,economia,,2026-07-15T20:42:25+00:00,
f36568cb9f52,"EN VIVO | Seguridad, narcotráfico y crimen en México hoy 15 de julio: “El Jando” fue el piloto que llevó a El Mayo Zambada a Estados Unidos",sociedad,,2026-07-15T20:39:36+00:00,
dcebe7400626,Esta fue la causa por la que se rompieron las negociaciones entre Apple y OpenAI antes de la demanda,tecnologia,,2026-07-15T20:39:00+00:00,
f798f24ecab8,Amnistía Internacional denuncia cientos de muertes en cárceles salvadoreñas bajo régimen de excepción,politica,,2026-07-15T20:29:18+00:00,
6b7c469b4946,Peso mexicano se aprecia frente al dólar ante menores apuestas de alza a tasas de la Fed,economia,,2026-07-15T20:28:53+00:00,
c78a6effd649,Microsoft resuelve un molesto fallo de la Papelera de reciclaje en Windows 11,tecnologia,,2026-07-15T19:40:00+00:00,
5551c67f2a13,"Últimas noticias de los incendios forestales, en directo | Aragón ordena evacuar tres localidades por el incendio que ha obligado a pedir la UME",sociedad,,2026-07-15T17:43:52+00:00,
76981a6ad69e,"Canales para ver Necaxa vs Atlante, Querétaro vs América, Atlético de San Luis vs Cruz Azul y León vs Atlas",deportes,,2026-07-15T17:41:42+00:00,
3ecddeb1d566,¿CURP para tu mascota? Edomex lanza registro único y gratuito para animales de compañía,sociedad,,2026-07-15T17:40:00+00:00,
4afabe813a79,"Así era el rostro de Elsa Aguirre, una de las mujeres más bellas de la Época de Oro del cine mexicano",sociedad,,2026-07-15T17:38:19+00:00,
edd6f795c84e,"Los expertos coinciden: ""Ni nadar ni caminar, a partir de los 50 años es absolutamente necesario hacer musculación""",sociedad,,2026-07-15T17:31:55+00:00,
1a7e5b927ab2,"Registros del Infonavit revelan alta intermitencia en empleo formal, trabajadores cotizan 4 de cada 10 periodos",economia,,2026-07-15T17:22:34+00:00,
da6dd57567fb,Mi móvil tiene casi cinco años y la batería mantiene su vida útil al 85%. Así es como lo he conseguido,tecnologia,,2026-07-15T17:01:55+00:00,
ac4bf97e4e9c,Mató a un adolescente de 17 años que discutió con su hijo y agredió su auto en CDMX,sociedad,,2026-07-15T17:00:48+00:00,
058fe0252c64,¿Quién es Jorge Octavio Cortez Jiménez; el empresario señalado por fraude inmobiliario que agredió a una recepcionista en CDMX?,sociedad,,2026-07-15T17:00:00+00:00,
ee04bfba14d7,Una argentina en Inglaterra contó cómo se vive la previa del duelo con la Selección: “Ningún inglés vendría con la camiseta al trabajo”,deportes,,2026-07-15T16:56:13+00:00,
9cd00c96c924,Una taza agrietada y el eco de un sueño febril,literatura,,2026-07-15T16:55:56.343139+00:00,
edad3dbfff44,Adoptar un perro o gato: 3 tipos de gastos que debes planear para cuidar tu bolsillo,economia,,2026-07-15T16:54:00+00:00,
92cb3b200a47,Claudia Sheinbaum recibe a presidente de Panamá en Palacio Nacional para reunión bilateral,internacional,,2026-07-15T16:48:16+00:00,
6b2f96429508,Estas son las marchas y concentraciones previstas para el 15 de julio; comunidades estudiantiles se movilizan,sociedad,,2026-07-15T16:43:07+00:00,
0eca050a13ef,"Fiscalía de la CDMX tardará siete meses más para identificar los casi 1,600 restos de Tláhuac y Chalco",sociedad,,2026-07-15T16:37:04+00:00,
5fffadc310a3,Europa tiene una fecha de caducidad para los aires acondicionados tradicionales y ya se plantea alternativas: aires sin refrigerantes,tecnologia,,2026-07-15T16:31:55+00:00,
99ae0707fc5c,"Aurelio Arteta, filósofo navarro: ""Quien merece respeto es la persona, y con harta frecuencia a pesar de sus opiniones""",sociedad,,2026-07-15T16:01:56+00:00,
da193c176e53,Todas las gestiones que permite hacer Mi Carpeta Ciudadana: desde consultar historial médico hasta alertas de caducidad del DNI,tecnologia,Applesfera,2026-07-15T16:01:56+00:00,0
7df8e52e8dd5,El nuevo Motorola Edge 70 Max es oficial: apuesta máxima por el rendimiento y con carga magnética como el iPhone,tecnologia,El Androide Libre,2026-07-15T13:22:42+00:00,10
fe3a66058648,El juego de pelota es un acto pluricultural que se practica desde hace 3 mil años,sociedad,,2026-07-15T09:52:04+00:00,
2001c3f3fcfa,Denuncia sindicato del INAH presunta destrucción del patrimonio arqueológico,sociedad,,2026-07-15T09:52:04+00:00,
a47d0ba1421e,Ya es oficial: Samsung presenta la tecnología de pantalla Flex Titanium que estrenarán sus nuevos móviles plegables,tecnologia,El Androide Libre,2026-07-15T09:44:02+00:00,0
b89961c8d085,"He probado los auriculares abiertos que, una vez que los pruebas, no te los quieres quitar: así son los Huawei FreeClip 2 S",tecnologia,El Androide Libre,2026-07-15T04:12:14+00:00,5
c607e65b7318,Roberto Montenegro: a fuerza de ser personal,sociedad,,2026-07-15T00:38:34+00:00,
d743b4fe3d2c,"Ante señalamientos de EEUU, presidenta de Morena acusa a Calderón y Fox de complicidad con el narco",politica,,2026-07-15T00:08:00+00:00,
9d8302676ea3,Europa: ola de calor e incendios históricos ponen al continente al límite,sociedad,,2026-07-15T00:01:31+00:00,
2f67330c3d39,Este es el motivo de la reunión entre Claudia Sheinbaum y el presidente de Panamá,politica,,2026-07-15T00:01:28+00:00,
176f07d3d39b,Scaloni se refirió a Malvinas antes de jugar con Inglaterra: “Esto es un partido de fútbol y no podemos mezclar las cosas”,deportes,,2026-07-15T00:01:25+00:00,
334b598b9223,Estrategia de Atención a las Causas suma más de siete millones de trámites y servicios: Segob,politica,,2026-07-14T23:55:42+00:00,
a2c6e990a161,"Murió Óscar, ladrón que sufrió desprendimiento de pierna tras ser atropellado en León",sociedad,,2026-07-14T23:49:36+00:00,
c307808fec58,"Canales para ver Inglaterra vs Argentina, segundo partido de semifinales del Mundial 2026",deportes,,2026-07-14T23:45:46+00:00,
a5788fa92345,Gibraltar entra en una nueva era con la eliminación de los controles fronterizos con España,economia,,2026-07-14T23:44:35+00:00,
3c1aafd2d225,"""No hemos olvidado ningún nombre"": Francia rinde homenaje a las víctimas del atentado de 2016 en Niza",sociedad,,2026-07-14T23:41:33+00:00,
dd44940a6eba,Marca de mayonesa le da espalda a dichos de Pedro Sola: ‘Aquí respetamos a los lomitos’,sociedad,,2026-07-14T23:40:52+00:00,
c1cfab02000d,"Vuelos de Puebla a Huautulco y Los Cabos, al 90% de ocupación, destaca la Canaco",economia,,2026-07-14T23:36:58+00:00,
f3c066956ccf,Peso mexicano avanza por debilitamiento del dólar tras datos de inflación de Estados Unidos,economia,,2026-07-14T23:35:17+00:00,
bdddb1a96827,"Con uniforme beige y en silencio, así salió Víctor Rodríguez Padilla del penal en Morelos",politica,,2026-07-14T20:42:46+00:00,
dbe751a9bf84,Monreal aconseja a gobernadora Marina del Pilar presentar denuncias penales; asegura que es víctima de espionaje,politica,,2026-07-14T20:38:46+00:00,
b5d49f9fb076,"Los mexicanos superan la educación de sus padres, pero no necesariamente su patrimonio",economia,,2026-07-14T20:27:48+00:00,
55bfc98b2a4b,Suman 4 mil 700 muertos por el doble sismo en Venezuela,internacional,,2026-07-14T20:25:50+00:00,
b3aa0f24efda,Alexis Mac Allister quiere repetir la gesta de Maradona contra Inglaterra,deportes,,2026-07-14T20:25:36+00:00,
053cf1cde7d8,Suman 4 mil 734 muertos por los terremotos en Venezuela; van mil 275 réplicas desde el 24 de junio,sociedad,,2026-07-14T20:23:48+00:00,
68fc3696f194,Hoy No Circula CDMX y Edomex: una por una las placas que descansan este miércoles,sociedad,,2026-07-14T20:15:32+00:00,
6c6e3ecb0e92,Comer camarón puede ayudar a prevenir estas enfermedades,sociedad,,2026-07-14T20:10:49+00:00,
ea86860fb7ec,"Clima CDMX hoy martes 14 de julio por la tarde: prevén ambiente cálido, lluvias ligeras por la noche y sin alerta por tiempo severo",sociedad,,2026-07-14T20:10:35+00:00,
fdedefb7005f,Polvo del Sahara llegará a México; ¿a qué estados afectará y qué efectos podría tener en la salud?,sociedad,,2026-07-14T20:10:22+00:00,
0d5792590905,"Ánimo de mexicanos mejoró, pero persiste brecha entre mujeres y jóvenes por satisfacción con la vida, revela INEGI",sociedad,,2026-07-14T20:06:21+00:00,
11e2e5bcd26d,"De la desconfianza de Shilton al “sí” de Lineker: la historia detrás de ‘El Partido’, el documental sobre el Argentina-Inglaterra de México 86",deportes,,2026-07-14T20:05:13+00:00,
dbc0ffc93914,Exdirector de Pemex saldrá de prisión para llevar su proceso por violencia contra su esposa en libertad,politica,,2026-07-14T18:56:47+00:00,
e114dcb7fdf9,"Ante aumento de fraudes, piden a gobiernos e IP mejorar uso de sistemas biométricos; alertan de ""ataques muy sofisticados""",economia,,2026-07-14T18:56:33+00:00,
90a1db271a15,Acusan de negligencia y encubrimiento institucional a la CNDH tras librar al Ejército del caso Ayotzinapa,politica,,2026-07-14T18:52:54+00:00,
5afe8f7c39a0,¿Por qué fue condenado el hermano del presidente del Gobierno de España y qué dudas persisten?,politica,,2026-07-14T18:52:11+00:00,
f746202e2fc3,"Tras filtración de audio de Marina del Pilar, Morena cierra filas y niega espionaje para Estados Unidos",politica,,2026-07-14T18:50:53+00:00,
a6f296460fc7,Exdirector de Pemex seguirá en libertad proceso por violencia doméstica,politica,,2026-07-14T18:47:46+00:00,
f87a2bb6fede,Google Imágenes cambia para siempre: el buscador ahora se parece más a Pinterest y permite crear imágenes con IA,tecnologia,El Androide Libre,2026-07-14T17:39:32+00:00,5
c4dfa99ad43a,La crítica literaria desde el Extremo Occidente,literatura,,2026-07-14T17:27:26+00:00,
792a4cd2c9b4,En Japón las empresas han olido un negocio millonario: dejar de fabricar carritos y pañales para bebés y hacerlo para mascotas,economia,,2026-07-14T12:00:07+00:00,
529a63634033,El CEO de Volkswagen admite su principal problema: fabricar le cuesta un 20% más que a sus competidores y le sobran trabajadores,economia,,2026-07-14T11:38:29+00:00,
0256cf4304db,El Gobierno replantea la ley de violencia vicaria machista: será un agravante y no un delito específico,politica,,2026-07-14T11:26:26+00:00,
bdbf9a6277a6,SCJN concede suspensión a Samuel García para frenar eventual destitución o inhabilitación,politica,,2026-07-14T11:24:24+00:00,
ca76d4aa50e6,Carta desde Lima. Vivir para contarla: cómo sobrevivir con tu hija en un concierto de K-Pop,sociedad,,2026-07-14T08:03:51+00:00,
c6144249c911,Clima en Monterrey hoy: el pronóstico para el martes 14 de julio de 2026,sociedad,,2026-07-14T07:02:11+00:00,
660ac527f20e,Clima en Ciudad de México hoy: el pronóstico para el martes 14 de julio de 2026,sociedad,,2026-07-14T07:02:09+00:00,
a155f8f7d0c9,Clima en Cancún hoy: el pronóstico para el martes 14 de julio de 2026,sociedad,,2026-07-14T07:02:09+00:00,
a5b01587257d,México quiere atraer inteligencia artificial sin electricidad suficiente,economia,,2026-07-14T06:57:07+00:00,
7f53bdb160b3,Piden al INE atender campañas anticipadas,politica,,2026-07-14T06:52:44+00:00,
c15ccf7112e0,"Moisés Peñaloza será natural pero reservado en ""La casa de los famosos México""",sociedad,,2026-07-14T06:36:35+00:00,
1db288716be4,¿Qué busca el gobierno cuando habla de regular la IA?,politica,,2026-07-14T06:25:55+00:00,
3506faf2792b,Ventas de autos electrificados suben 44% a junio,economia,,2026-07-14T06:19:07+00:00,
e688849ef6eb,"A 75 años de la hazaña de José Froilán González, el argentino que le dio el primer triunfo a Ferrari en la Fórmula 1",deportes,,2026-07-14T05:56:06+00:00,
d9eae285f0d4,CPM amplía base de socios; crece el sector cooperativo,economia,,2026-07-14T05:48:40+00:00,
cc07401c3bbf,Gonzalo Hernández Licona: “No estamos cambiando los destinos de los más pobres”,politica,Letras Libres,2026-07-13T19:18:15+00:00,-35
50577e13526f,Tragedia en Tailandia: 27 muertos en un incendio en un bar de Bangkok,internacional,,2026-07-13T07:51:20+00:00,
b8a7225c9006,Asesinan a alcalde de San Miguel Yogovana en Oaxaca; hay dos detenidos,sociedad,,2026-07-13T07:41:22+00:00,
8d8bf0f56382,Michoacán registra segundo mayor crecimiento industrial,economia,,2026-07-13T07:39:54+00:00,
8ba65308277f,Salud animal: 5 claves para cortarle las uñas a tu mascota de forma segura,sociedad,,2026-07-13T07:37:53+00:00,
0f6c637d01e0,La razón poco conocida del daño al corazón que causa mezclar café con alcohol,sociedad,,2026-07-13T07:31:16+00:00,
4714816feffd,México espera 3 años por podio más alto en Medio Maratón de la CDMX,deportes,,2026-07-13T07:18:05+00:00,
536486e4d0cd,Lluvias causan  anegaciones y caída  de árboles en CDMX,sociedad,,2026-07-13T06:42:27+00:00,
63ff1456a555,Al menos 27 muertos en incendio de un bar en Bangkok,internacional,,2026-07-13T06:23:00+00:00,
eb2a4b522ea6,"Al menos 2,700 muertos por olas de calor en Inglaterra y Gales en mayo y junio, según estudio",sociedad,,2026-07-13T06:23:00+00:00,
2db2e8dcbaa3,"A un año de la desaparición de Ana Amelí, colectivos instalan antimonumento en el Ángel para exigir justicia",sociedad,,2026-07-13T06:21:40+00:00,
e00eb613d613,"Las perlitas de la práctica de Argentina tras el pase a la semi del Mundial: nuevas pelotas, charla Dibu-Scaloni y una visita especial",deportes,,2026-07-13T06:15:00+00:00,
71b2f6c24a3e,Choque múltiple en autopista Guadalajara-Tepic deja 10 muertos; hay otras diez personas lesionadas,sociedad,,2026-07-13T06:11:15+00:00,
f1be5f9826e7,Réplica de la Secretaría de Relaciones Exteriores al artículo de Arturo Sarukhán,politica,Letras Libres,2026-07-13T06:00:00+00:00,-35
54dbe7090b57,"Noruega-Inglaterra, en vivo por los cuartos de final del Mundial 2026: el tercer semifinalista se define en tiempo extra",deportes,,2026-07-11T23:35:10+00:00,
e01d614283c6,Universidad Abierta de México abrirá el registro para licenciaturas a distancia; ofrecerá más de 20 mil lugares,sociedad,,2026-07-11T23:31:19+00:00,
aad80bb56797,Se fugan internos del Cereso 2 de Hermosillo: corporaciones de los tres órdenes de gobierno los buscan,politica,,2026-07-11T23:31:06+00:00,
5374eda819e8,Trinidad y Tobago impulsa centros de datos con empresas de EU; surgen preocupaciones por su impacto ambiental,internacional,,2026-07-11T23:23:56+00:00,
3234ce5bd540,"Prepárate, tras fuertes lluvias, emite SGIRPC alerta amarilla en CDMX para este sábado: estas son las alcaldías en riesgo",sociedad,,2026-07-11T23:22:15+00:00,
cb032479ffee,¿Dónde lloverá más este fin de semana? Estados con mayor riesgo de inundaciones en México,sociedad,,2026-07-11T23:21:40+00:00,
8415744a1ba6,"“Foreign tongues”, o hay Stones para rato",sociedad,Letras Libres,2026-07-10T17:27:24+00:00,0
7ddf921911ea,Carta desde Bogotá: Un duraznero de León de Greiff,literatura,Letras Libres,2026-07-10T16:47:23+00:00,-5
9fb1c1df0f3f,"¿Quién es el dueño de Adidas, la firma que viste a Messi y a las principales selecciones del mundo?",deportes,,2026-07-10T06:54:13+00:00,
3344ad3ae920,Andrea Chávez afirma que irá con Morena por gubernatura de Chihuahua; Cruz Pérez Cuéllar asegura que su prioridad es la unidad de la 4T,politica,,2026-07-10T06:41:32+00:00,
01bf007bb2c5,Francia pasa a la semifinal del Mundial al vencer 2-0 a Marruecos,deportes,,2026-07-10T06:34:47+00:00,
97dbd13b472b,Mensaje de la gobernadora Maru Campos del 09 de julio de 2026,politica,,2026-07-10T06:28:23+00:00,
72ce0f1561ce,Denuncian vecinos que calle Cafetales está invadida de baches en Irapuato; Municipio la rehabilitará,sociedad,,2026-07-10T06:24:49+00:00,
318d2e1479a8,"Mueren al menos 12 personas en el incendio de Los Gallardos, en Almería",sociedad,,2026-07-10T06:16:15+00:00,
e533f9b8eabb,Estos son los jugadores de la Liga MX convocados al Mundial que no vieron minutos,deportes,,2026-07-10T05:49:08+00:00,
cbef692db9b7,Parlamento Europeo aprueba negociar el euro digital como alternativa de pago,economia,,2026-07-10T04:36:57+00:00,
22e09e8bcda1,Wisława Szymborska: la poeta que hacía preguntas enormes en voz bajita,literatura,,2026-07-09T23:31:26.740878+00:00,
